/*******************************************************************************
 * Size: 35 px
 * Bpp: 8
 * Opts: --bpp 8 --size 35 --font C:/Users/Pasi/SquareLine/assets/BebasNeue-Regular.ttf -o C:/Users/Pasi/SquareLine/assets\ui_font_FuenteTexto.c --format lvgl -r 0x20-0x7f --symbols 송편잡증겨락곰연머흥빼꼬나쌍루높면침깨반전프남근드온향랙족께친넓업의창타른곡쇄질네녀밴요취불표혼턴곧잘닥롤칙두힘경틱술꿈쓰산알동션꽃섬멋즈워총스심생번당냄디려기도느라결휠브접병돌미과왕진뭔피뿌뚱콩굶송편잡증락픽둡약겨낯연머흥졸꼬나쌍루뺨높면침뻗깨좁반전닭프남근드온향삶칠족처춘친넓업의창타른릇곡깐질네볶녀챙요깔취춤불표혼끓곧잘낡닥츰볍칙칼두힘경술꿈쓰산알잊동맣묶멋섬숨밥즈렵워총헤닿스털짚심몇생줍당번맨맡디려기도뱃느라결엌흉접샌콤병꼴미과왕진피꼭와웃별옥쳐밭희포체입싫즐젊컨류맞늬츠개혜덮뻔쥐오옛마존굽씹망깥촬습덕랍탓긴허매김최받렬올닷직임승째3걸글관해며차륙춥견데커등흩광사말서붙씀령립틀첫켜흐흘복천혀홍록험레뤄필육득먹률놀료함둠랗력끗밀누져행버뼈추티셋든벗왠녕수쏟앞공촌계균펴놓문범선달즉외쟁지례탕탁그겁짓멍년늘쩌테것빌좋핵맛정익뇌역굉특꽉항카압착썹형얹니눈명훔딪국하넷쫓킬쏘싸이방댁택더숙주잎때터앉줌얗좌끊낫들꺾울련격림찌열럽얘람갑권에짜끝죽무빠협런젖노닮모신엄깜까쉽확걔용껍럭릿간틈시급출논쉬박청블갖널평액텍굵잠골작집젓내찰점팔없곁깊인길으담적너대고휴래햇초세새다념쎄봉답낚속궁안픔금실멈막후패멀중강넣애솔목메믿구단싣활엉닫량괜흰백부뭇듣층몸축건태랜땅밝겉척풀빛벽몹훈보쌓학흙치코큼롯르채랑롭순분종찾톤통탤야품충쁨설억조잃저름어옳움홀양묻플파여란준곱각철상을왜완렉깝랫썩환넘죄큰호징풍꽤맥음윽튼묵닐릎늙휘러빨감끌교소키잇줄맺흔성꾸제씨촉응짙덧은폭페배곤걱밟발히슬못뽑회화듬굳튿얼찬낮깎섞덥팬텔찍덜탑먼객뜩갈쪽능얇일합물따댐갛독듭염황잔긍북펼숫바십님유본농덤턱아솟민운악색게붕클칭않끄핏꺼곳리투장쨌욱난자영변뻐토템짐끼현컵붉돈흡한규빵쇠참크앓식법솜럼델손덩군갚밖엽꽂냐씩퍼로춧책가날걀언효살획1판냉월검웨혹램벌율욕만원극비붓우예절재쁘룩많뜨웬짝괴떡위트귀젠되거몰론석왼렇푸 --no-compress --no-prefilter
 ******************************************************************************/

#include "../ui.h"

#ifndef UI_FONT_FUENTETEXTO
#define UI_FONT_FUENTETEXTO 1
#endif

#if UI_FONT_FUENTETEXTO

/*-----------------
 *    BITMAPS
 *----------------*/

/*Store the image of the glyphs*/
static LV_ATTRIBUTE_LARGE_CONST const uint8_t glyph_bitmap[] = {
    /* U+0020 " " */

    /* U+0021 "!" */
    0x40, 0xff, 0xff, 0xff, 0x98, 0x40, 0xff, 0xff,
    0xff, 0x98, 0x40, 0xff, 0xff, 0xff, 0x98, 0x40,
    0xff, 0xff, 0xff, 0x98, 0x40, 0xff, 0xff, 0xff,
    0x98, 0x40, 0xff, 0xff, 0xff, 0x98, 0x40, 0xff,
    0xff, 0xff, 0x98, 0x40, 0xff, 0xff, 0xff, 0x98,
    0x40, 0xff, 0xff, 0xff, 0x98, 0x40, 0xff, 0xff,
    0xff, 0x98, 0x3c, 0xff, 0xff, 0xff, 0x93, 0x2d,
    0xff, 0xff, 0xff, 0x84, 0x1d, 0xff, 0xff, 0xff,
    0x74, 0xe, 0xff, 0xff, 0xff, 0x65, 0x1, 0xfc,
    0xff, 0xff, 0x55, 0x0, 0xee, 0xff, 0xff, 0x45,
    0x0, 0xde, 0xff, 0xff, 0x35, 0x0, 0xce, 0xff,
    0xff, 0x25, 0x0, 0x1b, 0x24, 0x24, 0x4, 0x0,
    0x0, 0x0, 0x0, 0x0, 0x0, 0x0, 0x0, 0x0,
    0x0, 0x23, 0xbc, 0xbc, 0xbc, 0x63, 0x30, 0xff,
    0xff, 0xff, 0x88, 0x30, 0xff, 0xff, 0xff, 0x88,
    0x30, 0xff, 0xff, 0xff, 0x88,

    /* U+0022 "\"" */
    0x9e, 0xff, 0xff, 0xff, 0x30, 0x6e, 0xff, 0xff,
    0xff, 0x60, 0x80, 0xff, 0xff, 0xff, 0x12, 0x50,
    0xff, 0xff, 0xff, 0x41, 0x63, 0xff, 0xff, 0xf4,
    0x0, 0x33, 0xff, 0xff, 0xff, 0x23, 0x46, 0xff,
    0xff, 0xd6, 0x0, 0x16, 0xff, 0xff, 0xfe, 0x6,
    0x29, 0xff, 0xff, 0xb8, 0x0, 0x1, 0xf8, 0xff,
    0xe5, 0x0, 0xc, 0xff, 0xff, 0x9a, 0x0, 0x0,
    0xdc, 0xff, 0xc7, 0x0, 0x0, 0xef, 0xff, 0x7c,
    0x0, 0x0, 0xbf, 0xff, 0xa8, 0x0, 0x0, 0xcb,
    0xf8, 0x5b, 0x0, 0x0, 0x9d, 0xf8, 0x86, 0x0,

    /* U+0023 "#" */
    0x0, 0x0, 0x0, 0x0, 0xf5, 0xff, 0xff, 0x16,
    0x0, 0x6d, 0xff, 0xff, 0x9e, 0x0, 0x0, 0x0,
    0x0, 0xe, 0xff, 0xff, 0xfb, 0x2, 0x0, 0x86,
    0xff, 0xff, 0x85, 0x0, 0x0, 0x0, 0x0, 0x28,
    0xff, 0xff, 0xe4, 0x0, 0x0, 0xa0, 0xff, 0xff,
    0x6c, 0x0, 0x0, 0x0, 0x0, 0x41, 0xff, 0xff,
    0xca, 0x0, 0x0, 0xb9, 0xff, 0xff, 0x52, 0x0,
    0x0, 0x0, 0x0, 0x5a, 0xff, 0xff, 0xb1, 0x0,
    0x0, 0xd2, 0xff, 0xff, 0x39, 0x0, 0x0, 0x0,
    0x0, 0x73, 0xff, 0xff, 0x98, 0x0, 0x0, 0xeb,
    0xff, 0xff, 0x20, 0x0, 0x0, 0x4e, 0xff, 0xff,
    0xff, 0xff, 0xff, 0xff, 0xff, 0xff, 0xff, 0xff,
    0xff, 0xce, 0x0, 0x68, 0xff, 0xff, 0xff, 0xff,
    0xff, 0xff, 0xff, 0xff, 0xff, 0xff, 0xff, 0xb4,
    0x0, 0x5e, 0xc0, 0xf2, 0xff, 0xff, 0xd0, 0xc0,
    0xd0, 0xff, 0xff, 0xf2, 0xc0, 0x76, 0x0, 0x0,
    0x0, 0xdc, 0xff, 0xff, 0x2f, 0x0, 0x54, 0xff,
    0xff, 0xb7, 0x0, 0x0, 0x0, 0x0, 0x0, 0xf5,
    0xff, 0xff, 0x15, 0x0, 0x6f, 0xff, 0xff, 0x9d,
    0x0, 0x0, 0x0, 0x0, 0x10, 0xff, 0xff, 0xf9,
    0x1, 0x0, 0x89, 0xff, 0xff, 0x82, 0x0, 0x0,
    0x0, 0x0, 0x29, 0xff, 0xff, 0xe0, 0x0, 0x0,
    0xa4, 0xff, 0xff, 0x68, 0x0, 0x0, 0x0, 0x0,
    0x43, 0xff, 0xff, 0xc6, 0x0, 0x0, 0xbe, 0xff,
    0xff, 0x4e, 0x0, 0x0, 0x0, 0x0, 0x5d, 0xff,
    0xff, 0xab, 0x0, 0x0, 0xd8, 0xff, 0xff, 0x33,
    0x0, 0x0, 0x25, 0xc0, 0xdb, 0xff, 0xff, 0xe6,
    0xc0, 0xc0, 0xfa, 0xff, 0xff, 0xc8, 0xa9, 0x0,
    0x49, 0xff, 0xff, 0xff, 0xff, 0xff, 0xff, 0xff,
    0xff, 0xff, 0xff, 0xff, 0xcb, 0x0, 0x63, 0xff,
    0xff, 0xff, 0xff, 0xff, 0xff, 0xff, 0xff, 0xff,
    0xff, 0xff, 0xb1, 0x0, 0x0, 0x0, 0xc6, 0xff,
    0xff, 0x42, 0x0, 0x3e, 0xff, 0xff, 0xca, 0x0,
    0x0, 0x0, 0x0, 0x0, 0xe0, 0xff, 0xff, 0x27,
    0x0, 0x59, 0xff, 0xff, 0xaf, 0x0, 0x0, 0x0,
    0x0, 0x1, 0xf9, 0xff, 0xff, 0xc, 0x0, 0x75,
    0xff, 0xff, 0x94, 0x0, 0x0, 0x0, 0x0, 0x16,
    0xff, 0xff, 0xf1, 0x0, 0x0, 0x90, 0xff, 0xff,
    0x79, 0x0, 0x0, 0x0, 0x0, 0x31, 0xff, 0xff,
    0xd6, 0x0, 0x0, 0xac, 0xff, 0xff, 0x5e, 0x0,
    0x0, 0x0, 0x0, 0x4c, 0xff, 0xff, 0xbb, 0x0,
    0x0, 0xc7, 0xff, 0xff, 0x43, 0x0, 0x0, 0x0,
    0x0, 0x67, 0xff, 0xff, 0xa1, 0x0, 0x0, 0xe2,
    0xff, 0xff, 0x29, 0x0, 0x0, 0x0,

    /* U+0024 "$" */
    0x0, 0x0, 0x0, 0x0, 0x94, 0xff, 0xff, 0x94,
    0x0, 0x0, 0x0, 0x0, 0x0, 0x0, 0x0, 0x0,
    0x94, 0xff, 0xff, 0x94, 0x0, 0x0, 0x0, 0x0,
    0x0, 0x0, 0x14, 0x7a, 0xe7, 0xff, 0xff, 0xea,
    0x90, 0x1c, 0x0, 0x0, 0x0, 0x21, 0xde, 0xff,
    0xff, 0xff, 0xff, 0xff, 0xff, 0xee, 0x35, 0x0,
    0x4, 0xd5, 0xff, 0xff, 0xff, 0xff, 0xff, 0xff,
    0xff, 0xff, 0xdf, 0x7, 0x4a, 0xff, 0xff, 0xff,
    0xf9, 0x9b, 0x8b, 0xe6, 0xff, 0xff, 0xff, 0x57,
    0x87, 0xff, 0xff, 0xff, 0x74, 0x0, 0x0, 0x2f,
    0xff, 0xff, 0xff, 0x94, 0x9f, 0xff, 0xff, 0xff,
    0x40, 0x0, 0x0, 0x0, 0xf6, 0xff, 0xff, 0xad,
    0x8e, 0xff, 0xff, 0xff, 0x5a, 0x0, 0x0, 0x0,
    0x8e, 0x98, 0x98, 0x6a, 0x6c, 0xff, 0xff, 0xff,
    0xb7, 0x0, 0x0, 0x0, 0x0, 0x0, 0x0, 0x0,
    0x1a, 0xfb, 0xff, 0xff, 0xff, 0x62, 0x0, 0x0,
    0x0, 0x0, 0x0, 0x0, 0x0, 0xa2, 0xff, 0xff,
    0xff, 0xfc, 0x61, 0x0, 0x0, 0x0, 0x0, 0x0,
    0x0, 0x11, 0xd9, 0xff, 0xff, 0xff, 0xff, 0x87,
    0x1, 0x0, 0x0, 0x0, 0x0, 0x0, 0x1f, 0xdd,
    0xff, 0xff, 0xff, 0xff, 0xa7, 0x4, 0x0, 0x0,
    0x0, 0x0, 0x0, 0x17, 0xc7, 0xff, 0xff, 0xff,
    0xff, 0xa7, 0x1, 0x0, 0x0, 0x0, 0x0, 0x0,
    0x7, 0xa5, 0xff, 0xff, 0xff, 0xff, 0x73, 0x0,
    0x0, 0x0, 0x0, 0x0, 0x0, 0x1, 0x9a, 0xff,
    0xff, 0xff, 0xf1, 0xc, 0x0, 0x0, 0x0, 0x0,
    0x0, 0x0, 0x4, 0xd0, 0xff, 0xff, 0xff, 0x64,
    0x9e, 0xd8, 0xd8, 0xc3, 0x0, 0x0, 0x0, 0x5e,
    0xff, 0xff, 0xff, 0x96, 0xbb, 0xff, 0xff, 0xe8,
    0x0, 0x0, 0x0, 0x2b, 0xff, 0xff, 0xff, 0xb3,
    0xb0, 0xff, 0xff, 0xf6, 0x1, 0x0, 0x0, 0x30,
    0xff, 0xff, 0xff, 0xaf, 0x8b, 0xff, 0xff, 0xff,
    0x6e, 0x0, 0x5, 0xa2, 0xff, 0xff, 0xff, 0x89,
    0x3e, 0xff, 0xff, 0xff, 0xff, 0xef, 0xf6, 0xff,
    0xff, 0xff, 0xff, 0x3b, 0x0, 0xb6, 0xff, 0xff,
    0xff, 0xff, 0xff, 0xff, 0xff, 0xff, 0xb3, 0x0,
    0x0, 0x10, 0xb8, 0xff, 0xff, 0xff, 0xff, 0xff,
    0xff, 0xb6, 0xf, 0x0, 0x0, 0x0, 0x0, 0x3d,
    0xc6, 0xff, 0xff, 0xc6, 0x3d, 0x0, 0x0, 0x0,
    0x0, 0x0, 0x0, 0x0, 0x94, 0xff, 0xff, 0x94,
    0x0, 0x0, 0x0, 0x0, 0x0, 0x0, 0x0, 0x0,
    0x94, 0xff, 0xff, 0x94, 0x0, 0x0, 0x0, 0x0,

    /* U+0025 "%" */
    0x0, 0x44, 0xc6, 0xf7, 0xf3, 0xb9, 0x2f, 0x0,
    0x0, 0x0, 0x0, 0x0, 0x5d, 0xff, 0xfc, 0x1a,
    0x0, 0x0, 0x0, 0x24, 0xf9, 0xff, 0xff, 0xff,
    0xff, 0xe8, 0xe, 0x0, 0x0, 0x0, 0x0, 0xbe,
    0xff, 0xb5, 0x0, 0x0, 0x0, 0x0, 0x91, 0xff,
    0xf4, 0x56, 0x67, 0xfe, 0xff, 0x6c, 0x0, 0x0,
    0x0, 0x20, 0xfe, 0xff, 0x54, 0x0, 0x0, 0x0,
    0x0, 0xb8, 0xff, 0xb5, 0x0, 0x0, 0xd9, 0xff,
    0x94, 0x0, 0x0, 0x0, 0x80, 0xff, 0xed, 0x6,
    0x0, 0x0, 0x0, 0x0, 0xc8, 0xff, 0xac, 0x0,
    0x0, 0xd0, 0xff, 0xa4, 0x0, 0x0, 0x1, 0xdf,
    0xff, 0x92, 0x0, 0x0, 0x0, 0x0, 0x0, 0xc8,
    0xff, 0xac, 0x0, 0x0, 0xd0, 0xff, 0xa4, 0x0,
    0x0, 0x42, 0xff, 0xff, 0x31, 0x0, 0x0, 0x0,
    0x0, 0x0, 0xc8, 0xff, 0xac, 0x0, 0x0, 0xd0,
    0xff, 0xa4, 0x0, 0x0, 0xa3, 0xff, 0xd0, 0x0,
    0x0, 0x0, 0x0, 0x0, 0x0, 0xc8, 0xff, 0xac,
    0x0, 0x0, 0xd0, 0xff, 0xa4, 0x0, 0xe, 0xf5,
    0xff, 0x6f, 0x0, 0x0, 0x0, 0x0, 0x0, 0x0,
    0xc8, 0xff, 0xac, 0x0, 0x0, 0xd0, 0xff, 0xa4,
    0x0, 0x66, 0xff, 0xf9, 0x14, 0x0, 0x0, 0x0,
    0x0, 0x0, 0x0, 0xc8, 0xff, 0xac, 0x0, 0x0,
    0xd0, 0xff, 0xa4, 0x0, 0xc7, 0xff, 0xac, 0x0,
    0x0, 0x0, 0x0, 0x0, 0x0, 0x0, 0xb8, 0xff,
    0xb4, 0x0, 0x0, 0xd8, 0xff, 0x94, 0x28, 0xff,
    0xff, 0x4b, 0x0, 0x0, 0x0, 0x0, 0x0, 0x0,
    0x0, 0x91, 0xff, 0xf4, 0x55, 0x66, 0xfe, 0xff,
    0x6c, 0x89, 0xff, 0xe6, 0x4, 0x6c, 0xd9, 0xfa,
    0xea, 0x9f, 0x12, 0x0, 0x24, 0xf9, 0xff, 0xff,
    0xff, 0xff, 0xe8, 0x12, 0xe6, 0xff, 0x89, 0x5e,
    0xff, 0xff, 0xff, 0xff, 0xff, 0xb7, 0x0, 0x0,
    0x44, 0xc7, 0xf7, 0xf4, 0xba, 0x2f, 0x4b, 0xff,
    0xff, 0x29, 0xd1, 0xff, 0xd4, 0x46, 0x95, 0xff,
    0xff, 0x2c, 0x0, 0x0, 0x0, 0x0, 0x0, 0x0,
    0x0, 0xac, 0xff, 0xc7, 0x1, 0xf7, 0xff, 0x74,
    0x0, 0x18, 0xff, 0xff, 0x54, 0x0, 0x0, 0x0,
    0x0, 0x0, 0x0, 0x13, 0xf9, 0xff, 0x66, 0x8,
    0xff, 0xff, 0x6c, 0x0, 0x10, 0xff, 0xff, 0x64,
    0x0, 0x0, 0x0, 0x0, 0x0, 0x0, 0x6f, 0xff,
    0xf6, 0xf, 0x8, 0xff, 0xff, 0x6c, 0x0, 0x10,
    0xff, 0xff, 0x64, 0x0, 0x0, 0x0, 0x0, 0x0,
    0x0, 0xd0, 0xff, 0xa3, 0x0, 0x8, 0xff, 0xff,
    0x6c, 0x0, 0x10, 0xff, 0xff, 0x64, 0x0, 0x0,
    0x0, 0x0, 0x0, 0x31, 0xff, 0xff, 0x42, 0x0,
    0x8, 0xff, 0xff, 0x6c, 0x0, 0x10, 0xff, 0xff,
    0x64, 0x0, 0x0, 0x0, 0x0, 0x0, 0x92, 0xff,
    0xe0, 0x1, 0x0, 0x8, 0xff, 0xff, 0x6c, 0x0,
    0x10, 0xff, 0xff, 0x64, 0x0, 0x0, 0x0, 0x0,
    0x6, 0xec, 0xff, 0x80, 0x0, 0x0, 0x8, 0xff,
    0xff, 0x6c, 0x0, 0x10, 0xff, 0xff, 0x64, 0x0,
    0x0, 0x0, 0x0, 0x54, 0xff, 0xfe, 0x21, 0x0,
    0x0, 0x1, 0xf7, 0xff, 0x74, 0x0, 0x18, 0xff,
    0xff, 0x54, 0x0, 0x0, 0x0, 0x0, 0xb5, 0xff,
    0xbe, 0x0, 0x0, 0x0, 0x0, 0xd1, 0xff, 0xd4,
    0x45, 0x95, 0xff, 0xff, 0x2c, 0x0, 0x0, 0x0,
    0x19, 0xfc, 0xff, 0x5d, 0x0, 0x0, 0x0, 0x0,
    0x5e, 0xff, 0xff, 0xff, 0xff, 0xff, 0xb7, 0x0,
    0x0, 0x0, 0x0, 0x77, 0xff, 0xf2, 0xa, 0x0,
    0x0, 0x0, 0x0, 0x0, 0x6d, 0xd9, 0xfb, 0xec,
    0xa0, 0x13, 0x0,

    /* U+0026 "&" */
    0x0, 0x0, 0x19, 0x8b, 0xd4, 0xf4, 0xff, 0xff,
    0xff, 0xff, 0x84, 0x0, 0x0, 0x0, 0x2f, 0xea,
    0xff, 0xff, 0xff, 0xff, 0xff, 0xff, 0xff, 0x84,
    0x0, 0x0, 0x2, 0xd6, 0xff, 0xff, 0xff, 0xff,
    0xff, 0xff, 0xff, 0xff, 0x84, 0x0, 0x0, 0x46,
    0xff, 0xff, 0xff, 0xfe, 0xac, 0x88, 0x88, 0x88,
    0x88, 0x46, 0x0, 0x0, 0x81, 0xff, 0xff, 0xff,
    0x84, 0x0, 0x0, 0x0, 0x0, 0x0, 0x0, 0x0,
    0x0, 0x9b, 0xff, 0xff, 0xff, 0x43, 0x0, 0x0,
    0x0, 0x0, 0x0, 0x0, 0x0, 0x0, 0xa1, 0xff,
    0xff, 0xff, 0x38, 0x0, 0x0, 0x0, 0x0, 0x0,
    0x0, 0x0, 0x0, 0x8e, 0xff, 0xff, 0xff, 0x3d,
    0x0, 0x0, 0x0, 0xb6, 0xbc, 0xbc, 0x98, 0x0,
    0x68, 0xff, 0xff, 0xff, 0x61, 0x0, 0x0, 0x0,
    0xf8, 0xff, 0xff, 0xd0, 0x0, 0x18, 0xf9, 0xff,
    0xff, 0xdb, 0x36, 0x5, 0x0, 0xf8, 0xff, 0xff,
    0xd0, 0x0, 0x0, 0x67, 0xfe, 0xff, 0xff, 0xff,
    0xff, 0xff, 0xff, 0xff, 0xff, 0xff, 0xe4, 0x0,
    0x0, 0x58, 0xff, 0xff, 0xff, 0xff, 0xff, 0xff,
    0xff, 0xff, 0xff, 0xe4, 0x0, 0x55, 0xf4, 0xff,
    0xff, 0xff, 0xff, 0xff, 0xff, 0xff, 0xff, 0xff,
    0xe4, 0x21, 0xf5, 0xff, 0xff, 0xff, 0xba, 0x8a,
    0x84, 0xfc, 0xff, 0xff, 0xe8, 0x75, 0x7c, 0xff,
    0xff, 0xff, 0x8b, 0x0, 0x0, 0x0, 0xf8, 0xff,
    0xff, 0xd0, 0x0, 0xb3, 0xff, 0xff, 0xff, 0x2b,
    0x0, 0x0, 0x0, 0xf8, 0xff, 0xff, 0xd0, 0x0,
    0xc9, 0xff, 0xff, 0xff, 0x11, 0x0, 0x0, 0x0,
    0xf8, 0xff, 0xff, 0xd0, 0x0, 0xd0, 0xff, 0xff,
    0xff, 0xc, 0x0, 0x0, 0x0, 0xf8, 0xff, 0xff,
    0xd0, 0x0, 0xd0, 0xff, 0xff, 0xff, 0xc, 0x0,
    0x0, 0x0, 0xf8, 0xff, 0xff, 0xd0, 0x0, 0xcd,
    0xff, 0xff, 0xff, 0x15, 0x0, 0x0, 0xd, 0xfd,
    0xff, 0xff, 0xd0, 0x0, 0xbf, 0xff, 0xff, 0xff,
    0x4f, 0x0, 0x0, 0x6a, 0xff, 0xff, 0xff, 0xd0,
    0x0, 0x96, 0xff, 0xff, 0xff, 0xf2, 0x99, 0xa7,
    0xfc, 0xff, 0xff, 0xff, 0xd0, 0x0, 0x49, 0xff,
    0xff, 0xff, 0xff, 0xff, 0xff, 0xfb, 0xfe, 0xff,
    0xff, 0xd2, 0x0, 0x0, 0xbb, 0xff, 0xff, 0xff,
    0xff, 0xff, 0x79, 0xe8, 0xff, 0xff, 0xdf, 0x0,
    0x0, 0xb, 0x8d, 0xe3, 0xf9, 0xd9, 0x6a, 0x0,
    0xbd, 0xff, 0xff, 0xff, 0x19,

    /* U+0027 "'" */
    0x9e, 0xff, 0xff, 0xff, 0x30, 0x80, 0xff, 0xff,
    0xff, 0x12, 0x63, 0xff, 0xff, 0xf4, 0x0, 0x46,
    0xff, 0xff, 0xd6, 0x0, 0x29, 0xff, 0xff, 0xb8,
    0x0, 0xc, 0xff, 0xff, 0x9a, 0x0, 0x0, 0xef,
    0xff, 0x7c, 0x0, 0x0, 0xcb, 0xf8, 0x5b, 0x0,

    /* U+0028 "(" */
    0x0, 0x0, 0x0, 0x0, 0x8, 0x20, 0x2b, 0x13,
    0x0, 0x0, 0x3e, 0xbf, 0xfb, 0xff, 0xff, 0x70,
    0x0, 0x3d, 0xfc, 0xff, 0xff, 0xff, 0xff, 0x70,
    0x0, 0xbc, 0xff, 0xff, 0xff, 0xff, 0xff, 0x70,
    0x5, 0xf8, 0xff, 0xff, 0xfc, 0x46, 0x4, 0x0,
    0x1a, 0xff, 0xff, 0xff, 0xc7, 0x0, 0x0, 0x0,
    0x23, 0xff, 0xff, 0xff, 0xb4, 0x0, 0x0, 0x0,
    0x24, 0xff, 0xff, 0xff, 0xb4, 0x0, 0x0, 0x0,
    0x24, 0xff, 0xff, 0xff, 0xb4, 0x0, 0x0, 0x0,
    0x24, 0xff, 0xff, 0xff, 0xb4, 0x0, 0x0, 0x0,
    0x24, 0xff, 0xff, 0xff, 0xb4, 0x0, 0x0, 0x0,
    0x24, 0xff, 0xff, 0xff, 0xb4, 0x0, 0x0, 0x0,
    0x24, 0xff, 0xff, 0xff, 0xb4, 0x0, 0x0, 0x0,
    0x24, 0xff, 0xff, 0xff, 0xb4, 0x0, 0x0, 0x0,
    0x24, 0xff, 0xff, 0xff, 0xb4, 0x0, 0x0, 0x0,
    0x24, 0xff, 0xff, 0xff, 0xb4, 0x0, 0x0, 0x0,
    0x24, 0xff, 0xff, 0xff, 0xb4, 0x0, 0x0, 0x0,
    0x24, 0xff, 0xff, 0xff, 0xb4, 0x0, 0x0, 0x0,
    0x24, 0xff, 0xff, 0xff, 0xb4, 0x0, 0x0, 0x0,
    0x24, 0xff, 0xff, 0xff, 0xb4, 0x0, 0x0, 0x0,
    0x24, 0xff, 0xff, 0xff, 0xb4, 0x0, 0x0, 0x0,
    0x24, 0xff, 0xff, 0xff, 0xb4, 0x0, 0x0, 0x0,
    0x24, 0xff, 0xff, 0xff, 0xb4, 0x0, 0x0, 0x0,
    0x23, 0xff, 0xff, 0xff, 0xb5, 0x0, 0x0, 0x0,
    0x17, 0xff, 0xff, 0xff, 0xce, 0x0, 0x0, 0x0,
    0x2, 0xf2, 0xff, 0xff, 0xff, 0x70, 0x30, 0x13,
    0x0, 0xab, 0xff, 0xff, 0xff, 0xff, 0xff, 0x70,
    0x0, 0x27, 0xef, 0xff, 0xff, 0xff, 0xff, 0x70,
    0x0, 0x0, 0x20, 0x94, 0xd7, 0xf6, 0xff, 0x70,

    /* U+0029 ")" */
    0x22, 0x29, 0x1a, 0x1, 0x0, 0x0, 0x0, 0xc8,
    0xff, 0xff, 0xf0, 0x9b, 0x15, 0x0, 0xc8, 0xff,
    0xff, 0xff, 0xff, 0xd7, 0xa, 0xc8, 0xff, 0xff,
    0xff, 0xff, 0xff, 0x66, 0x0, 0xd, 0x92, 0xff,
    0xff, 0xff, 0xa8, 0x0, 0x0, 0x1f, 0xff, 0xff,
    0xff, 0xc5, 0x0, 0x0, 0xc, 0xff, 0xff, 0xff,
    0xcf, 0x0, 0x0, 0xc, 0xff, 0xff, 0xff, 0xd0,
    0x0, 0x0, 0xc, 0xff, 0xff, 0xff, 0xd0, 0x0,
    0x0, 0xc, 0xff, 0xff, 0xff, 0xd0, 0x0, 0x0,
    0xc, 0xff, 0xff, 0xff, 0xd0, 0x0, 0x0, 0xc,
    0xff, 0xff, 0xff, 0xd0, 0x0, 0x0, 0xc, 0xff,
    0xff, 0xff, 0xd0, 0x0, 0x0, 0xc, 0xff, 0xff,
    0xff, 0xd0, 0x0, 0x0, 0xc, 0xff, 0xff, 0xff,
    0xd0, 0x0, 0x0, 0xc, 0xff, 0xff, 0xff, 0xd0,
    0x0, 0x0, 0xc, 0xff, 0xff, 0xff, 0xd0, 0x0,
    0x0, 0xc, 0xff, 0xff, 0xff, 0xd0, 0x0, 0x0,
    0xc, 0xff, 0xff, 0xff, 0xd0, 0x0, 0x0, 0xc,
    0xff, 0xff, 0xff, 0xd0, 0x0, 0x0, 0xc, 0xff,
    0xff, 0xff, 0xd0, 0x0, 0x0, 0xc, 0xff, 0xff,
    0xff, 0xd0, 0x0, 0x0, 0xc, 0xff, 0xff, 0xff,
    0xd0, 0x0, 0x0, 0xd, 0xff, 0xff, 0xff, 0xce,
    0x0, 0x0, 0x27, 0xff, 0xff, 0xff, 0xc2, 0x22,
    0x38, 0xb0, 0xff, 0xff, 0xff, 0x9f, 0xc8, 0xff,
    0xff, 0xff, 0xff, 0xff, 0x55, 0xc8, 0xff, 0xff,
    0xff, 0xff, 0xbc, 0x3, 0xc8, 0xfd, 0xef, 0xc6,
    0x71, 0x5, 0x0,

    /* U+002A "*" */
    0x0, 0x0, 0x0, 0x0, 0x0, 0x20, 0xff, 0xff,
    0xe3, 0x0, 0x0, 0x0, 0x0, 0x0, 0x0, 0x0,
    0x0, 0x0, 0x0, 0x0, 0x3, 0xfb, 0xff, 0xc4,
    0x0, 0x0, 0x0, 0x0, 0x0, 0x0, 0x0, 0x0,
    0x0, 0x0, 0x0, 0x0, 0xdf, 0xff, 0xa4, 0x0,
    0x0, 0x0, 0x0, 0x0, 0x0, 0x0, 0x77, 0x59,
    0x3, 0x0, 0x0, 0xbf, 0xff, 0x85, 0x0, 0x0,
    0xd, 0x76, 0x50, 0x0, 0x3, 0xea, 0xff, 0xdc,
    0x65, 0x6, 0x9f, 0xff, 0x65, 0x12, 0x81, 0xee,
    0xff, 0xb3, 0x0, 0x41, 0xff, 0xff, 0xff, 0xff,
    0xe4, 0xcb, 0xff, 0xbb, 0xf3, 0xff, 0xff, 0xff,
    0xf8, 0xe, 0x19, 0x62, 0x99, 0xd1, 0xfc, 0xff,
    0xff, 0xff, 0xff, 0xff, 0xf6, 0xc4, 0x8d, 0x56,
    0xb, 0x0, 0x0, 0x0, 0x0, 0xb, 0x8a, 0xff,
    0xff, 0xfe, 0x57, 0x4, 0x0, 0x0, 0x0, 0x0,
    0x0, 0x0, 0x0, 0x0, 0x42, 0xf7, 0xff, 0xca,
    0xff, 0xe0, 0x1d, 0x0, 0x0, 0x0, 0x0, 0x0,
    0x0, 0x0, 0x37, 0xf3, 0xff, 0xc1, 0x10, 0xeb,
    0xff, 0xd8, 0x15, 0x0, 0x0, 0x0, 0x0, 0x0,
    0x2d, 0xee, 0xff, 0xfd, 0x32, 0x0, 0x6b, 0xff,
    0xff, 0xcf, 0xf, 0x0, 0x0, 0x0, 0x0, 0x71,
    0xfd, 0xff, 0x9e, 0x0, 0x0, 0x4, 0xd6, 0xff,
    0xf1, 0x41, 0x0, 0x0, 0x0, 0x0, 0x0, 0x43,
    0xdc, 0x19, 0x0, 0x0, 0x0, 0x49, 0xcc, 0x23,
    0x0, 0x0, 0x0, 0x0, 0x0, 0x0, 0x0, 0x4,
    0x0, 0x0, 0x0, 0x0, 0x0, 0x4, 0x0, 0x0,
    0x0, 0x0,

    /* U+002B "+" */
    0x0, 0x0, 0x0, 0x0, 0x0, 0x1e, 0x54, 0x54,
    0x1e, 0x0, 0x0, 0x0, 0x0, 0x0, 0x0, 0x0,
    0x0, 0x0, 0x0, 0x5c, 0xff, 0xff, 0x5c, 0x0,
    0x0, 0x0, 0x0, 0x0, 0x0, 0x0, 0x0, 0x0,
    0x0, 0x5c, 0xff, 0xff, 0x5c, 0x0, 0x0, 0x0,
    0x0, 0x0, 0x0, 0x0, 0x0, 0x0, 0x0, 0x5c,
    0xff, 0xff, 0x5c, 0x0, 0x0, 0x0, 0x0, 0x0,
    0x0, 0x0, 0x0, 0x0, 0x0, 0x5c, 0xff, 0xff,
    0x5c, 0x0, 0x0, 0x0, 0x0, 0x0, 0xc, 0xc0,
    0xc0, 0xc0, 0xc0, 0xd7, 0xff, 0xff, 0xd7, 0xc0,
    0xc0, 0xc0, 0xc0, 0xc, 0x10, 0xff, 0xff, 0xff,
    0xff, 0xff, 0xff, 0xff, 0xff, 0xff, 0xff, 0xff,
    0xff, 0x10, 0x10, 0xff, 0xff, 0xff, 0xff, 0xff,
    0xff, 0xff, 0xff, 0xff, 0xff, 0xff, 0xff, 0x10,
    0x0, 0x0, 0x0, 0x0, 0x0, 0x5c, 0xff, 0xff,
    0x5c, 0x0, 0x0, 0x0, 0x0, 0x0, 0x0, 0x0,
    0x0, 0x0, 0x0, 0x5c, 0xff, 0xff, 0x5c, 0x0,
    0x0, 0x0, 0x0, 0x0, 0x0, 0x0, 0x0, 0x0,
    0x0, 0x5c, 0xff, 0xff, 0x5c, 0x0, 0x0, 0x0,
    0x0, 0x0, 0x0, 0x0, 0x0, 0x0, 0x0, 0x5c,
    0xff, 0xff, 0x5c, 0x0, 0x0, 0x0, 0x0, 0x0,
    0x0, 0x0, 0x0, 0x0, 0x0, 0x5c, 0xff, 0xff,
    0x5c, 0x0, 0x0, 0x0, 0x0, 0x0,

    /* U+002C "," */
    0x69, 0xbc, 0xbc, 0xbc, 0x1a, 0x90, 0xff, 0xff,
    0xff, 0x24, 0x90, 0xff, 0xff, 0xff, 0x24, 0x90,
    0xff, 0xff, 0xff, 0x1b, 0x0, 0x79, 0xff, 0xc0,
    0x0, 0x0, 0xc9, 0xff, 0x50, 0x0, 0x19, 0xfe,
    0xdd, 0x2, 0x0, 0x68, 0xff, 0x70, 0x0, 0x0,

    /* U+002D "-" */
    0x11, 0x88, 0x88, 0x88, 0x88, 0x88, 0x88, 0x88,
    0x4e, 0x20, 0xff, 0xff, 0xff, 0xff, 0xff, 0xff,
    0xff, 0x94, 0x20, 0xff, 0xff, 0xff, 0xff, 0xff,
    0xff, 0xff, 0x94, 0x20, 0xff, 0xff, 0xff, 0xff,
    0xff, 0xff, 0xff, 0x94,

    /* U+002E "." */
    0x69, 0xbc, 0xbc, 0xbc, 0x1a, 0x90, 0xff, 0xff,
    0xff, 0x24, 0x90, 0xff, 0xff, 0xff, 0x24, 0x90,
    0xff, 0xff, 0xff, 0x24,

    /* U+002F "/" */
    0x0, 0x0, 0x0, 0x0, 0x0, 0x0, 0x0, 0x0,
    0x0, 0x3a, 0xff, 0xff, 0xfd, 0x1c, 0x0, 0x0,
    0x0, 0x0, 0x0, 0x0, 0x0, 0x0, 0x0, 0x9c,
    0xff, 0xff, 0xb7, 0x0, 0x0, 0x0, 0x0, 0x0,
    0x0, 0x0, 0x0, 0x0, 0xb, 0xf3, 0xff, 0xff,
    0x54, 0x0, 0x0, 0x0, 0x0, 0x0, 0x0, 0x0,
    0x0, 0x0, 0x62, 0xff, 0xff, 0xeb, 0x6, 0x0,
    0x0, 0x0, 0x0, 0x0, 0x0, 0x0, 0x0, 0x0,
    0xc5, 0xff, 0xff, 0x8e, 0x0, 0x0, 0x0, 0x0,
    0x0, 0x0, 0x0, 0x0, 0x0, 0x28, 0xff, 0xff,
    0xff, 0x2c, 0x0, 0x0, 0x0, 0x0, 0x0, 0x0,
    0x0, 0x0, 0x0, 0x8b, 0xff, 0xff, 0xc8, 0x0,
    0x0, 0x0, 0x0, 0x0, 0x0, 0x0, 0x0, 0x0,
    0x5, 0xe8, 0xff, 0xff, 0x65, 0x0, 0x0, 0x0,
    0x0, 0x0, 0x0, 0x0, 0x0, 0x0, 0x51, 0xff,
    0xff, 0xf5, 0xe, 0x0, 0x0, 0x0, 0x0, 0x0,
    0x0, 0x0, 0x0, 0x0, 0xb3, 0xff, 0xff, 0xa0,
    0x0, 0x0, 0x0, 0x0, 0x0, 0x0, 0x0, 0x0,
    0x0, 0x1a, 0xfc, 0xff, 0xff, 0x3d, 0x0, 0x0,
    0x0, 0x0, 0x0, 0x0, 0x0, 0x0, 0x0, 0x79,
    0xff, 0xff, 0xd9, 0x0, 0x0, 0x0, 0x0, 0x0,
    0x0, 0x0, 0x0, 0x0, 0x0, 0xdb, 0xff, 0xff,
    0x77, 0x0, 0x0, 0x0, 0x0, 0x0, 0x0, 0x0,
    0x0, 0x0, 0x3f, 0xff, 0xff, 0xfb, 0x19, 0x0,
    0x0, 0x0, 0x0, 0x0, 0x0, 0x0, 0x0, 0x0,
    0xa2, 0xff, 0xff, 0xb1, 0x0, 0x0, 0x0, 0x0,
    0x0, 0x0, 0x0, 0x0, 0x0, 0xf, 0xf6, 0xff,
    0xff, 0x4e, 0x0, 0x0, 0x0, 0x0, 0x0, 0x0,
    0x0, 0x0, 0x0, 0x68, 0xff, 0xff, 0xe8, 0x4,
    0x0, 0x0, 0x0, 0x0, 0x0, 0x0, 0x0, 0x0,
    0x0, 0xca, 0xff, 0xff, 0x89, 0x0, 0x0, 0x0,
    0x0, 0x0, 0x0, 0x0, 0x0, 0x0, 0x2d, 0xff,
    0xff, 0xff, 0x27, 0x0, 0x0, 0x0, 0x0, 0x0,
    0x0, 0x0, 0x0, 0x0, 0x90, 0xff, 0xff, 0xc3,
    0x0, 0x0, 0x0, 0x0, 0x0, 0x0, 0x0, 0x0,
    0x0, 0x6, 0xec, 0xff, 0xff, 0x60, 0x0, 0x0,
    0x0, 0x0, 0x0, 0x0, 0x0, 0x0, 0x0, 0x56,
    0xff, 0xff, 0xf2, 0xb, 0x0, 0x0, 0x0, 0x0,
    0x0, 0x0, 0x0, 0x0, 0x0, 0xb9, 0xff, 0xff,
    0x9a, 0x0, 0x0, 0x0, 0x0, 0x0, 0x0, 0x0,
    0x0, 0x0, 0x1e, 0xfd, 0xff, 0xff, 0x37, 0x0,
    0x0, 0x0, 0x0, 0x0, 0x0, 0x0, 0x0, 0x0,
    0x7f, 0xff, 0xff, 0xd5, 0x0, 0x0, 0x0, 0x0,
    0x0, 0x0, 0x0, 0x0, 0x0, 0x0,

    /* U+0030 "0" */
    0x0, 0x0, 0x1e, 0x92, 0xd8, 0xf5, 0xf6, 0xd8,
    0x91, 0x1d, 0x0, 0x0, 0x0, 0x3f, 0xf1, 0xff,
    0xff, 0xff, 0xff, 0xff, 0xff, 0xef, 0x3d, 0x0,
    0xf, 0xea, 0xff, 0xff, 0xff, 0xff, 0xff, 0xff,
    0xff, 0xff, 0xe9, 0xe, 0x6f, 0xff, 0xff, 0xff,
    0xf5, 0x9b, 0x9b, 0xf5, 0xff, 0xff, 0xff, 0x6e,
    0xb1, 0xff, 0xff, 0xff, 0x50, 0x0, 0x0, 0x50,
    0xff, 0xff, 0xff, 0xaf, 0xce, 0xff, 0xff, 0xff,
    0xc, 0x0, 0x0, 0xc, 0xff, 0xff, 0xff, 0xcd,
    0xd7, 0xff, 0xff, 0xff, 0x0, 0x0, 0x0, 0x0,
    0xff, 0xff, 0xff, 0xd7, 0xd8, 0xff, 0xff, 0xff,
    0x0, 0x0, 0x0, 0x0, 0xff, 0xff, 0xff, 0xd8,
    0xd8, 0xff, 0xff, 0xff, 0x0, 0x0, 0x0, 0x0,
    0xff, 0xff, 0xff, 0xd8, 0xd8, 0xff, 0xff, 0xff,
    0x0, 0x0, 0x0, 0x0, 0xff, 0xff, 0xff, 0xd8,
    0xd8, 0xff, 0xff, 0xff, 0x0, 0x0, 0x0, 0x0,
    0xff, 0xff, 0xff, 0xd8, 0xd8, 0xff, 0xff, 0xff,
    0x0, 0x0, 0x0, 0x0, 0xff, 0xff, 0xff, 0xd8,
    0xd8, 0xff, 0xff, 0xff, 0x0, 0x0, 0x0, 0x0,
    0xff, 0xff, 0xff, 0xd8, 0xd8, 0xff, 0xff, 0xff,
    0x0, 0x0, 0x0, 0x0, 0xff, 0xff, 0xff, 0xd8,
    0xd8, 0xff, 0xff, 0xff, 0x0, 0x0, 0x0, 0x0,
    0xff, 0xff, 0xff, 0xd8, 0xd8, 0xff, 0xff, 0xff,
    0x0, 0x0, 0x0, 0x0, 0xff, 0xff, 0xff, 0xd8,
    0xd8, 0xff, 0xff, 0xff, 0x0, 0x0, 0x0, 0x0,
    0xff, 0xff, 0xff, 0xd8, 0xd8, 0xff, 0xff, 0xff,
    0x0, 0x0, 0x0, 0x0, 0xff, 0xff, 0xff, 0xd8,
    0xd7, 0xff, 0xff, 0xff, 0x0, 0x0, 0x0, 0x0,
    0xff, 0xff, 0xff, 0xd7, 0xce, 0xff, 0xff, 0xff,
    0xc, 0x0, 0x0, 0xc, 0xff, 0xff, 0xff, 0xcc,
    0xb0, 0xff, 0xff, 0xff, 0x52, 0x0, 0x0, 0x52,
    0xff, 0xff, 0xff, 0xaf, 0x6f, 0xff, 0xff, 0xff,
    0xf6, 0x9e, 0x9e, 0xf6, 0xff, 0xff, 0xff, 0x6d,
    0xf, 0xea, 0xff, 0xff, 0xff, 0xff, 0xff, 0xff,
    0xff, 0xff, 0xe8, 0xe, 0x0, 0x40, 0xf1, 0xff,
    0xff, 0xff, 0xff, 0xff, 0xff, 0xf0, 0x3d, 0x0,
    0x0, 0x0, 0x1f, 0x92, 0xd9, 0xf7, 0xf7, 0xd9,
    0x92, 0x1e, 0x0, 0x0,

    /* U+0031 "1" */
    0x0, 0x0, 0x0, 0x0, 0x0, 0x24, 0xfe, 0xff,
    0xac, 0x0, 0x0, 0x0, 0x0, 0x0, 0xa6, 0xff,
    0xff, 0xac, 0x0, 0x0, 0x0, 0x19, 0x98, 0xff,
    0xff, 0xff, 0xac, 0x27, 0xc8, 0xdf, 0xff, 0xff,
    0xff, 0xff, 0xff, 0xac, 0x34, 0xff, 0xff, 0xff,
    0xff, 0xff, 0xff, 0xff, 0xac, 0x34, 0xff, 0xff,
    0xff, 0xff, 0xff, 0xff, 0xff, 0xac, 0x0, 0x0,
    0x0, 0x0, 0x2c, 0xff, 0xff, 0xff, 0xac, 0x0,
    0x0, 0x0, 0x0, 0x2c, 0xff, 0xff, 0xff, 0xac,
    0x0, 0x0, 0x0, 0x0, 0x2c, 0xff, 0xff, 0xff,
    0xac, 0x0, 0x0, 0x0, 0x0, 0x2c, 0xff, 0xff,
    0xff, 0xac, 0x0, 0x0, 0x0, 0x0, 0x2c, 0xff,
    0xff, 0xff, 0xac, 0x0, 0x0, 0x0, 0x0, 0x2c,
    0xff, 0xff, 0xff, 0xac, 0x0, 0x0, 0x0, 0x0,
    0x2c, 0xff, 0xff, 0xff, 0xac, 0x0, 0x0, 0x0,
    0x0, 0x2c, 0xff, 0xff, 0xff, 0xac, 0x0, 0x0,
    0x0, 0x0, 0x2c, 0xff, 0xff, 0xff, 0xac, 0x0,
    0x0, 0x0, 0x0, 0x2c, 0xff, 0xff, 0xff, 0xac,
    0x0, 0x0, 0x0, 0x0, 0x2c, 0xff, 0xff, 0xff,
    0xac, 0x0, 0x0, 0x0, 0x0, 0x2c, 0xff, 0xff,
    0xff, 0xac, 0x0, 0x0, 0x0, 0x0, 0x2c, 0xff,
    0xff, 0xff, 0xac, 0x0, 0x0, 0x0, 0x0, 0x2c,
    0xff, 0xff, 0xff, 0xac, 0x0, 0x0, 0x0, 0x0,
    0x2c, 0xff, 0xff, 0xff, 0xac, 0x0, 0x0, 0x0,
    0x0, 0x2c, 0xff, 0xff, 0xff, 0xac, 0x0, 0x0,
    0x0, 0x0, 0x2c, 0xff, 0xff, 0xff, 0xac, 0x0,
    0x0, 0x0, 0x0, 0x2c, 0xff, 0xff, 0xff, 0xac,
    0x0, 0x0, 0x0, 0x0, 0x2c, 0xff, 0xff, 0xff,
    0xac,

    /* U+0032 "2" */
    0x0, 0x0, 0x11, 0x82, 0xd1, 0xf3, 0xf7, 0xdc,
    0x97, 0x22, 0x0, 0x0, 0x0, 0x22, 0xdf, 0xff,
    0xff, 0xff, 0xff, 0xff, 0xff, 0xf3, 0x42, 0x0,
    0x0, 0xc7, 0xff, 0xff, 0xff, 0xff, 0xff, 0xff,
    0xff, 0xff, 0xeb, 0x10, 0x3b, 0xff, 0xff, 0xff,
    0xf5, 0x9b, 0x9c, 0xf7, 0xff, 0xff, 0xff, 0x6e,
    0x7b, 0xff, 0xff, 0xff, 0x53, 0x0, 0x0, 0x5c,
    0xff, 0xff, 0xff, 0xae, 0x99, 0xff, 0xff, 0xff,
    0xd, 0x0, 0x0, 0x15, 0xff, 0xff, 0xff, 0xcb,
    0xa3, 0xff, 0xff, 0xff, 0x0, 0x0, 0x0, 0x8,
    0xff, 0xff, 0xff, 0xd2, 0xa4, 0xff, 0xff, 0xff,
    0x0, 0x0, 0x0, 0x24, 0xff, 0xff, 0xff, 0xbb,
    0x61, 0x98, 0x98, 0x98, 0x0, 0x0, 0x0, 0x5f,
    0xff, 0xff, 0xff, 0x89, 0x0, 0x0, 0x0, 0x0,
    0x0, 0x0, 0x0, 0xc1, 0xff, 0xff, 0xff, 0x3a,
    0x0, 0x0, 0x0, 0x0, 0x0, 0x0, 0x4b, 0xff,
    0xff, 0xff, 0xcd, 0x0, 0x0, 0x0, 0x0, 0x0,
    0x0, 0x17, 0xe7, 0xff, 0xff, 0xff, 0x42, 0x0,
    0x0, 0x0, 0x0, 0x0, 0x7, 0xc3, 0xff, 0xff,
    0xff, 0x98, 0x0, 0x0, 0x0, 0x0, 0x0, 0x1,
    0xaa, 0xff, 0xff, 0xff, 0xcd, 0x9, 0x0, 0x0,
    0x0, 0x0, 0x0, 0x90, 0xff, 0xff, 0xff, 0xe4,
    0x1d, 0x0, 0x0, 0x0, 0x0, 0x0, 0x60, 0xff,
    0xff, 0xff, 0xef, 0x2b, 0x0, 0x0, 0x0, 0x0,
    0x0, 0x1f, 0xf3, 0xff, 0xff, 0xfa, 0x3e, 0x0,
    0x0, 0x0, 0x0, 0x0, 0x0, 0xa3, 0xff, 0xff,
    0xff, 0x6d, 0x0, 0x0, 0x0, 0x0, 0x0, 0x0,
    0xb, 0xf7, 0xff, 0xff, 0xcd, 0x1, 0x0, 0x0,
    0x0, 0x0, 0x0, 0x0, 0x50, 0xff, 0xff, 0xff,
    0x6a, 0x0, 0x0, 0x0, 0x0, 0x0, 0x0, 0x0,
    0x7c, 0xff, 0xff, 0xff, 0x3d, 0x0, 0x0, 0x0,
    0x0, 0x0, 0x0, 0x0, 0x92, 0xff, 0xff, 0xff,
    0x9b, 0x84, 0x84, 0x84, 0x84, 0x84, 0x84, 0x42,
    0xa2, 0xff, 0xff, 0xff, 0xff, 0xff, 0xff, 0xff,
    0xff, 0xff, 0xff, 0x80, 0xa4, 0xff, 0xff, 0xff,
    0xff, 0xff, 0xff, 0xff, 0xff, 0xff, 0xff, 0x80,
    0xa4, 0xff, 0xff, 0xff, 0xff, 0xff, 0xff, 0xff,
    0xff, 0xff, 0xff, 0x80,

    /* U+0033 "3" */
    0x0, 0x0, 0x21, 0x97, 0xdc, 0xf7, 0xf3, 0xd2,
    0x85, 0x13, 0x0, 0x0, 0x0, 0x3f, 0xf2, 0xff,
    0xff, 0xff, 0xff, 0xff, 0xff, 0xe1, 0x23, 0x0,
    0xa, 0xe8, 0xff, 0xff, 0xff, 0xff, 0xff, 0xff,
    0xff, 0xff, 0xc4, 0x0, 0x60, 0xff, 0xff, 0xff,
    0xe4, 0x91, 0xb5, 0xff, 0xff, 0xff, 0xff, 0x30,
    0x9c, 0xff, 0xff, 0xff, 0x28, 0x0, 0x0, 0xa1,
    0xff, 0xff, 0xff, 0x69, 0xb4, 0xff, 0xff, 0xef,
    0x0, 0x0, 0x0, 0x5b, 0xff, 0xff, 0xff, 0x80,
    0xbc, 0xff, 0xff, 0xe8, 0x0, 0x0, 0x0, 0x50,
    0xff, 0xff, 0xff, 0x87, 0x26, 0x34, 0x34, 0x2f,
    0x0, 0x0, 0x0, 0x53, 0xff, 0xff, 0xff, 0x74,
    0x0, 0x0, 0x0, 0x0, 0x0, 0x0, 0x0, 0x75,
    0xff, 0xff, 0xff, 0x53, 0x0, 0x0, 0x0, 0x0,
    0x0, 0x6, 0x3d, 0xe5, 0xff, 0xff, 0xf1, 0xa,
    0x0, 0x0, 0x0, 0x8, 0xff, 0xff, 0xff, 0xff,
    0xff, 0xfc, 0x53, 0x0, 0x0, 0x0, 0x0, 0x8,
    0xff, 0xff, 0xff, 0xff, 0xf6, 0x3c, 0x0, 0x0,
    0x0, 0x0, 0x0, 0x8, 0xff, 0xff, 0xff, 0xff,
    0xff, 0xec, 0x3b, 0x0, 0x0, 0x0, 0x0, 0x4,
    0x84, 0x8f, 0xcb, 0xff, 0xff, 0xff, 0xe7, 0x9,
    0x0, 0x0, 0x0, 0x0, 0x0, 0x0, 0x2, 0xb5,
    0xff, 0xff, 0xff, 0x54, 0x0, 0x0, 0x0, 0x0,
    0x0, 0x0, 0x0, 0x58, 0xff, 0xff, 0xff, 0x87,
    0x21, 0x28, 0x28, 0x1f, 0x0, 0x0, 0x0, 0x3e,
    0xff, 0xff, 0xff, 0x9e, 0xd8, 0xff, 0xff, 0xcc,
    0x0, 0x0, 0x0, 0x38, 0xff, 0xff, 0xff, 0xa4,
    0xd7, 0xff, 0xff, 0xcc, 0x0, 0x0, 0x0, 0x39,
    0xff, 0xff, 0xff, 0xa3, 0xce, 0xff, 0xff, 0xda,
    0x0, 0x0, 0x0, 0x4d, 0xff, 0xff, 0xff, 0x99,
    0xb1, 0xff, 0xff, 0xfc, 0x24, 0x0, 0x0, 0x95,
    0xff, 0xff, 0xff, 0x7e, 0x73, 0xff, 0xff, 0xff,
    0xe7, 0x96, 0xb0, 0xff, 0xff, 0xff, 0xff, 0x40,
    0x14, 0xef, 0xff, 0xff, 0xff, 0xff, 0xff, 0xff,
    0xff, 0xff, 0xd0, 0x1, 0x0, 0x4b, 0xf7, 0xff,
    0xff, 0xff, 0xff, 0xff, 0xff, 0xe7, 0x2a, 0x0,
    0x0, 0x0, 0x28, 0x9c, 0xde, 0xf8, 0xf5, 0xd4,
    0x89, 0x16, 0x0, 0x0,

    /* U+0034 "4" */
    0x0, 0x0, 0x0, 0x0, 0x0, 0x0, 0x0, 0xad,
    0xff, 0xff, 0xff, 0xb8, 0x0, 0x0, 0x0, 0x0,
    0x0, 0x0, 0x0, 0x0, 0x1a, 0xfb, 0xff, 0xff,
    0xff, 0xb8, 0x0, 0x0, 0x0, 0x0, 0x0, 0x0,
    0x0, 0x0, 0x80, 0xff, 0xff, 0xff, 0xff, 0xb8,
    0x0, 0x0, 0x0, 0x0, 0x0, 0x0, 0x0, 0x4,
    0xe4, 0xff, 0xff, 0xff, 0xff, 0xb8, 0x0, 0x0,
    0x0, 0x0, 0x0, 0x0, 0x0, 0x53, 0xff, 0xff,
    0xff, 0xff, 0xff, 0xb8, 0x0, 0x0, 0x0, 0x0,
    0x0, 0x0, 0x0, 0xbc, 0xff, 0xff, 0xff, 0xff,
    0xff, 0xb8, 0x0, 0x0, 0x0, 0x0, 0x0, 0x0,
    0x26, 0xfe, 0xff, 0xff, 0xff, 0xff, 0xff, 0xb8,
    0x0, 0x0, 0x0, 0x0, 0x0, 0x0, 0x8f, 0xff,
    0xff, 0xd2, 0xff, 0xff, 0xff, 0xb8, 0x0, 0x0,
    0x0, 0x0, 0x0, 0x9, 0xee, 0xff, 0xff, 0x6e,
    0xff, 0xff, 0xff, 0xb8, 0x0, 0x0, 0x0, 0x0,
    0x0, 0x62, 0xff, 0xff, 0xe7, 0x24, 0xff, 0xff,
    0xff, 0xb8, 0x0, 0x0, 0x0, 0x0, 0x0, 0xcb,
    0xff, 0xff, 0x88, 0x20, 0xff, 0xff, 0xff, 0xb8,
    0x0, 0x0, 0x0, 0x0, 0x34, 0xff, 0xff, 0xff,
    0x26, 0x20, 0xff, 0xff, 0xff, 0xb8, 0x0, 0x0,
    0x0, 0x0, 0x9e, 0xff, 0xff, 0xc3, 0x0, 0x20,
    0xff, 0xff, 0xff, 0xb8, 0x0, 0x0, 0x0, 0x10,
    0xf6, 0xff, 0xff, 0x60, 0x0, 0x20, 0xff, 0xff,
    0xff, 0xb8, 0x0, 0x0, 0x0, 0x71, 0xff, 0xff,
    0xf2, 0xb, 0x0, 0x20, 0xff, 0xff, 0xff, 0xb8,
    0x0, 0x0, 0x1, 0xd9, 0xff, 0xff, 0x9b, 0x0,
    0x0, 0x20, 0xff, 0xff, 0xff, 0xb8, 0x0, 0x0,
    0x43, 0xff, 0xff, 0xff, 0x39, 0x0, 0x0, 0x20,
    0xff, 0xff, 0xff, 0xb8, 0x0, 0x0, 0x78, 0xff,
    0xff, 0xff, 0xff, 0xff, 0xff, 0xff, 0xff, 0xff,
    0xff, 0xff, 0xff, 0x8c, 0x78, 0xff, 0xff, 0xff,
    0xff, 0xff, 0xff, 0xff, 0xff, 0xff, 0xff, 0xff,
    0xff, 0x8c, 0x78, 0xff, 0xff, 0xff, 0xff, 0xff,
    0xff, 0xff, 0xff, 0xff, 0xff, 0xff, 0xff, 0x8c,
    0x3f, 0x88, 0x88, 0x88, 0x88, 0x88, 0x88, 0x97,
    0xff, 0xff, 0xff, 0xde, 0x88, 0x4a, 0x0, 0x0,
    0x0, 0x0, 0x0, 0x0, 0x0, 0x20, 0xff, 0xff,
    0xff, 0xb8, 0x0, 0x0, 0x0, 0x0, 0x0, 0x0,
    0x0, 0x0, 0x0, 0x20, 0xff, 0xff, 0xff, 0xb8,
    0x0, 0x0, 0x0, 0x0, 0x0, 0x0, 0x0, 0x0,
    0x0, 0x20, 0xff, 0xff, 0xff, 0xb8, 0x0, 0x0,
    0x0, 0x0, 0x0, 0x0, 0x0, 0x0, 0x0, 0x20,
    0xff, 0xff, 0xff, 0xb8, 0x0, 0x0,

    /* U+0035 "5" */
    0x1, 0xfd, 0xff, 0xff, 0xff, 0xff, 0xff, 0xff,
    0xff, 0xff, 0xff, 0x30, 0xc, 0xff, 0xff, 0xff,
    0xff, 0xff, 0xff, 0xff, 0xff, 0xff, 0xff, 0x30,
    0x19, 0xff, 0xff, 0xff, 0xff, 0xff, 0xff, 0xff,
    0xff, 0xff, 0xff, 0x30, 0x27, 0xff, 0xff, 0xff,
    0xbc, 0x88, 0x88, 0x88, 0x88, 0x88, 0x88, 0x19,
    0x34, 0xff, 0xff, 0xff, 0x66, 0x0, 0x0, 0x0,
    0x0, 0x0, 0x0, 0x0, 0x41, 0xff, 0xff, 0xff,
    0x58, 0x0, 0x0, 0x0, 0x0, 0x0, 0x0, 0x0,
    0x4e, 0xff, 0xff, 0xff, 0x4a, 0x0, 0x0, 0x0,
    0x0, 0x0, 0x0, 0x0, 0x5c, 0xff, 0xff, 0xff,
    0x3c, 0xf, 0x5e, 0x7c, 0x66, 0x19, 0x0, 0x0,
    0x69, 0xff, 0xff, 0xff, 0x60, 0xe8, 0xff, 0xff,
    0xff, 0xf4, 0x50, 0x0, 0x76, 0xff, 0xff, 0xff,
    0xf3, 0xff, 0xff, 0xff, 0xff, 0xff, 0xf2, 0x17,
    0x83, 0xff, 0xff, 0xff, 0xff, 0xff, 0xff, 0xff,
    0xff, 0xff, 0xff, 0x73, 0x91, 0xff, 0xff, 0xff,
    0xac, 0x17, 0x1a, 0xb6, 0xff, 0xff, 0xff, 0xac,
    0x9e, 0xff, 0xff, 0xff, 0x1f, 0x0, 0x0, 0x2f,
    0xff, 0xff, 0xff, 0xc6, 0x61, 0x94, 0x94, 0x92,
    0x1, 0x0, 0x0, 0xf, 0xff, 0xff, 0xff, 0xcf,
    0x0, 0x0, 0x0, 0x0, 0x0, 0x0, 0x0, 0xc,
    0xff, 0xff, 0xff, 0xd0, 0x0, 0x0, 0x0, 0x0,
    0x0, 0x0, 0x0, 0xc, 0xff, 0xff, 0xff, 0xd0,
    0x20, 0x30, 0x30, 0x2e, 0x0, 0x0, 0x0, 0xc,
    0xff, 0xff, 0xff, 0xd0, 0xac, 0xff, 0xff, 0xf8,
    0x0, 0x0, 0x0, 0xc, 0xff, 0xff, 0xff, 0xd0,
    0xab, 0xff, 0xff, 0xf8, 0x0, 0x0, 0x0, 0xc,
    0xff, 0xff, 0xff, 0xcf, 0xa0, 0xff, 0xff, 0xfe,
    0x6, 0x0, 0x0, 0x19, 0xff, 0xff, 0xff, 0xc3,
    0x82, 0xff, 0xff, 0xff, 0x4c, 0x0, 0x0, 0x5f,
    0xff, 0xff, 0xff, 0xa4, 0x41, 0xff, 0xff, 0xff,
    0xf4, 0x9d, 0xa0, 0xf8, 0xff, 0xff, 0xff, 0x64,
    0x1, 0xcd, 0xff, 0xff, 0xff, 0xff, 0xff, 0xff,
    0xff, 0xff, 0xe6, 0xb, 0x0, 0x27, 0xe4, 0xff,
    0xff, 0xff, 0xff, 0xff, 0xff, 0xf1, 0x3d, 0x0,
    0x0, 0x0, 0x14, 0x87, 0xd4, 0xf5, 0xf8, 0xdb,
    0x95, 0x20, 0x0, 0x0,

    /* U+0036 "6" */
    0x0, 0x0, 0x1a, 0x8c, 0xd4, 0xf3, 0xf8, 0xdd,
    0x9b, 0x27, 0x0, 0x0, 0x0, 0x34, 0xec, 0xff,
    0xff, 0xff, 0xff, 0xff, 0xff, 0xf6, 0x4b, 0x0,
    0x5, 0xde, 0xff, 0xff, 0xff, 0xff, 0xff, 0xff,
    0xff, 0xff, 0xf0, 0x16, 0x53, 0xff, 0xff, 0xff,
    0xfe, 0xac, 0x92, 0xe2, 0xff, 0xff, 0xff, 0x79,
    0x92, 0xff, 0xff, 0xff, 0x81, 0x0, 0x0, 0x1b,
    0xf8, 0xff, 0xff, 0xb8, 0xb0, 0xff, 0xff, 0xff,
    0x33, 0x0, 0x0, 0x0, 0xd0, 0xff, 0xff, 0xd4,
    0xbb, 0xff, 0xff, 0xff, 0x1e, 0x0, 0x0, 0x0,
    0x74, 0x98, 0x98, 0x84, 0xbc, 0xff, 0xff, 0xff,
    0x1c, 0x0, 0x0, 0x0, 0x0, 0x0, 0x0, 0x0,
    0xbc, 0xff, 0xff, 0xff, 0x1c, 0x0, 0x0, 0x0,
    0x0, 0x0, 0x0, 0x0, 0xbc, 0xff, 0xff, 0xff,
    0x1c, 0x5d, 0xd1, 0xf7, 0xe9, 0x9e, 0x16, 0x0,
    0xbc, 0xff, 0xff, 0xff, 0x7f, 0xff, 0xff, 0xff,
    0xff, 0xff, 0xd6, 0x8, 0xbc, 0xff, 0xff, 0xff,
    0xfa, 0xff, 0xff, 0xff, 0xff, 0xff, 0xff, 0x6e,
    0xbc, 0xff, 0xff, 0xff, 0xfb, 0xa6, 0x99, 0xef,
    0xff, 0xff, 0xff, 0xbc, 0xbc, 0xff, 0xff, 0xff,
    0x6d, 0x0, 0x0, 0x38, 0xff, 0xff, 0xff, 0xe3,
    0xbc, 0xff, 0xff, 0xff, 0x28, 0x0, 0x0, 0x0,
    0xf4, 0xff, 0xff, 0xf1, 0xbc, 0xff, 0xff, 0xff,
    0x1c, 0x0, 0x0, 0x0, 0xe8, 0xff, 0xff, 0xf4,
    0xbc, 0xff, 0xff, 0xff, 0x1c, 0x0, 0x0, 0x0,
    0xe8, 0xff, 0xff, 0xf4, 0xbc, 0xff, 0xff, 0xff,
    0x1c, 0x0, 0x0, 0x0, 0xe8, 0xff, 0xff, 0xf4,
    0xbb, 0xff, 0xff, 0xff, 0x1c, 0x0, 0x0, 0x0,
    0xe8, 0xff, 0xff, 0xf3, 0xb2, 0xff, 0xff, 0xff,
    0x27, 0x0, 0x0, 0x0, 0xf3, 0xff, 0xff, 0xe8,
    0x94, 0xff, 0xff, 0xff, 0x6b, 0x0, 0x0, 0x37,
    0xff, 0xff, 0xff, 0xcb, 0x53, 0xff, 0xff, 0xff,
    0xfb, 0xa5, 0x99, 0xee, 0xff, 0xff, 0xff, 0x89,
    0x4, 0xd9, 0xff, 0xff, 0xff, 0xff, 0xff, 0xff,
    0xff, 0xff, 0xf4, 0x1e, 0x0, 0x2e, 0xe8, 0xff,
    0xff, 0xff, 0xff, 0xff, 0xff, 0xf8, 0x51, 0x0,
    0x0, 0x0, 0x16, 0x88, 0xd4, 0xf5, 0xf8, 0xde,
    0x9c, 0x29, 0x0, 0x0,

    /* U+0037 "7" */
    0xd0, 0xff, 0xff, 0xff, 0xff, 0xff, 0xff, 0xff,
    0xff, 0xff, 0xff, 0xbc, 0xd0, 0xff, 0xff, 0xff,
    0xff, 0xff, 0xff, 0xff, 0xff, 0xff, 0xff, 0xbc,
    0xd0, 0xff, 0xff, 0xff, 0xff, 0xff, 0xff, 0xff,
    0xff, 0xff, 0xff, 0xbc, 0x6e, 0x88, 0x88, 0x88,
    0x88, 0x88, 0x88, 0x95, 0xff, 0xff, 0xff, 0xae,
    0x0, 0x0, 0x0, 0x0, 0x0, 0x0, 0x0, 0x53,
    0xff, 0xff, 0xff, 0x6c, 0x0, 0x0, 0x0, 0x0,
    0x0, 0x0, 0x0, 0x9d, 0xff, 0xff, 0xff, 0x25,
    0x0, 0x0, 0x0, 0x0, 0x0, 0x0, 0x0, 0xe5,
    0xff, 0xff, 0xde, 0x0, 0x0, 0x0, 0x0, 0x0,
    0x0, 0x0, 0x30, 0xff, 0xff, 0xff, 0x96, 0x0,
    0x0, 0x0, 0x0, 0x0, 0x0, 0x0, 0x79, 0xff,
    0xff, 0xff, 0x4f, 0x0, 0x0, 0x0, 0x0, 0x0,
    0x0, 0x0, 0xc2, 0xff, 0xff, 0xfa, 0xd, 0x0,
    0x0, 0x0, 0x0, 0x0, 0x0, 0x10, 0xfb, 0xff,
    0xff, 0xc0, 0x0, 0x0, 0x0, 0x0, 0x0, 0x0,
    0x0, 0x55, 0xff, 0xff, 0xff, 0x79, 0x0, 0x0,
    0x0, 0x0, 0x0, 0x0, 0x0, 0x9f, 0xff, 0xff,
    0xff, 0x32, 0x0, 0x0, 0x0, 0x0, 0x0, 0x0,
    0x1, 0xe7, 0xff, 0xff, 0xe9, 0x1, 0x0, 0x0,
    0x0, 0x0, 0x0, 0x0, 0x31, 0xff, 0xff, 0xff,
    0xa3, 0x0, 0x0, 0x0, 0x0, 0x0, 0x0, 0x0,
    0x7b, 0xff, 0xff, 0xff, 0x5c, 0x0, 0x0, 0x0,
    0x0, 0x0, 0x0, 0x0, 0xc4, 0xff, 0xff, 0xfe,
    0x17, 0x0, 0x0, 0x0, 0x0, 0x0, 0x0, 0x11,
    0xfc, 0xff, 0xff, 0xce, 0x0, 0x0, 0x0, 0x0,
    0x0, 0x0, 0x0, 0x57, 0xff, 0xff, 0xff, 0x86,
    0x0, 0x0, 0x0, 0x0, 0x0, 0x0, 0x0, 0xa0,
    0xff, 0xff, 0xff, 0x3f, 0x0, 0x0, 0x0, 0x0,
    0x0, 0x0, 0x1, 0xe8, 0xff, 0xff, 0xf3, 0x5,
    0x0, 0x0, 0x0, 0x0, 0x0, 0x0, 0x33, 0xff,
    0xff, 0xff, 0xb1, 0x0, 0x0, 0x0, 0x0, 0x0,
    0x0, 0x0, 0x7d, 0xff, 0xff, 0xff, 0x69, 0x0,
    0x0, 0x0, 0x0, 0x0, 0x0, 0x0, 0xc6, 0xff,
    0xff, 0xff, 0x22, 0x0, 0x0, 0x0, 0x0, 0x0,
    0x0, 0x12, 0xfc, 0xff, 0xff, 0xdb, 0x0, 0x0,
    0x0, 0x0, 0x0, 0x0,

    /* U+0038 "8" */
    0x0, 0x0, 0x0, 0x26, 0x97, 0xda, 0xf6, 0xf6,
    0xd9, 0x97, 0x25, 0x0, 0x0, 0x0, 0x0, 0x0,
    0x51, 0xf6, 0xff, 0xff, 0xff, 0xff, 0xff, 0xff,
    0xf6, 0x4e, 0x0, 0x0, 0x0, 0x1c, 0xf5, 0xff,
    0xff, 0xff, 0xff, 0xff, 0xff, 0xff, 0xff, 0xf4,
    0x1b, 0x0, 0x0, 0x83, 0xff, 0xff, 0xff, 0xf3,
    0x9a, 0x9a, 0xf3, 0xff, 0xff, 0xff, 0x82, 0x0,
    0x0, 0xc0, 0xff, 0xff, 0xff, 0x46, 0x0, 0x0,
    0x47, 0xff, 0xff, 0xff, 0xbf, 0x0, 0x0, 0xd8,
    0xff, 0xff, 0xfd, 0x5, 0x0, 0x0, 0x5, 0xfd,
    0xff, 0xff, 0xd8, 0x0, 0x0, 0xdf, 0xff, 0xff,
    0xf8, 0x0, 0x0, 0x0, 0x0, 0xf8, 0xff, 0xff,
    0xdf, 0x0, 0x0, 0xd2, 0xff, 0xff, 0xf9, 0x0,
    0x0, 0x0, 0x0, 0xf9, 0xff, 0xff, 0xd0, 0x0,
    0x0, 0xb3, 0xff, 0xff, 0xff, 0x16, 0x0, 0x0,
    0x17, 0xff, 0xff, 0xff, 0xae, 0x0, 0x0, 0x63,
    0xff, 0xff, 0xff, 0xa3, 0x15, 0x15, 0xa4, 0xff,
    0xff, 0xff, 0x5a, 0x0, 0x0, 0x4, 0xc2, 0xff,
    0xff, 0xff, 0xff, 0xff, 0xff, 0xff, 0xff, 0xbb,
    0x2, 0x0, 0x0, 0x0, 0x9, 0xc9, 0xff, 0xff,
    0xff, 0xff, 0xff, 0xff, 0xc8, 0x7, 0x0, 0x0,
    0x0, 0x0, 0x8e, 0xff, 0xff, 0xff, 0xff, 0xff,
    0xff, 0xff, 0xff, 0x91, 0x0, 0x0, 0x0, 0x4f,
    0xff, 0xff, 0xff, 0xf3, 0x9c, 0x9b, 0xf4, 0xff,
    0xff, 0xff, 0x50, 0x0, 0x0, 0xb4, 0xff, 0xff,
    0xff, 0x41, 0x0, 0x0, 0x42, 0xff, 0xff, 0xff,
    0xb4, 0x0, 0x0, 0xe9, 0xff, 0xff, 0xea, 0x0,
    0x0, 0x0, 0x0, 0xeb, 0xff, 0xff, 0xe8, 0x0,
    0x1, 0xfd, 0xff, 0xff, 0xd5, 0x0, 0x0, 0x0,
    0x0, 0xd5, 0xff, 0xff, 0xfc, 0x1, 0x4, 0xff,
    0xff, 0xff, 0xd4, 0x0, 0x0, 0x0, 0x0, 0xd4,
    0xff, 0xff, 0xff, 0x4, 0x3, 0xff, 0xff, 0xff,
    0xd5, 0x0, 0x0, 0x0, 0x0, 0xd5, 0xff, 0xff,
    0xff, 0x3, 0x0, 0xf9, 0xff, 0xff, 0xeb, 0x0,
    0x0, 0x0, 0x0, 0xec, 0xff, 0xff, 0xf8, 0x0,
    0x0, 0xdd, 0xff, 0xff, 0xff, 0x43, 0x0, 0x0,
    0x44, 0xff, 0xff, 0xff, 0xdc, 0x0, 0x0, 0x9b,
    0xff, 0xff, 0xff, 0xf4, 0x9e, 0x9f, 0xf5, 0xff,
    0xff, 0xff, 0x99, 0x0, 0x0, 0x2b, 0xfa, 0xff,
    0xff, 0xff, 0xff, 0xff, 0xff, 0xff, 0xff, 0xf9,
    0x29, 0x0, 0x0, 0x0, 0x5e, 0xfa, 0xff, 0xff,
    0xff, 0xff, 0xff, 0xff, 0xf9, 0x5a, 0x0, 0x0,
    0x0, 0x0, 0x0, 0x2b, 0x9b, 0xdc, 0xf7, 0xf7,
    0xdb, 0x9a, 0x2a, 0x0, 0x0, 0x0,

    /* U+0039 "9" */
    0x0, 0x0, 0x29, 0x9c, 0xdd, 0xf7, 0xf3, 0xd2,
    0x87, 0x15, 0x0, 0x0, 0x0, 0x54, 0xf8, 0xff,
    0xff, 0xff, 0xff, 0xff, 0xff, 0xe7, 0x2d, 0x0,
    0x20, 0xf5, 0xff, 0xff, 0xff, 0xff, 0xff, 0xff,
    0xff, 0xff, 0xd9, 0x4, 0x8b, 0xff, 0xff, 0xff,
    0xed, 0x95, 0xa2, 0xfa, 0xff, 0xff, 0xff, 0x53,
    0xcd, 0xff, 0xff, 0xff, 0x34, 0x0, 0x0, 0x69,
    0xff, 0xff, 0xff, 0x94, 0xea, 0xff, 0xff, 0xf2,
    0x0, 0x0, 0x0, 0x27, 0xff, 0xff, 0xff, 0xb1,
    0xf3, 0xff, 0xff, 0xe8, 0x0, 0x0, 0x0, 0x1c,
    0xff, 0xff, 0xff, 0xbb, 0xf4, 0xff, 0xff, 0xe8,
    0x0, 0x0, 0x0, 0x1c, 0xff, 0xff, 0xff, 0xbc,
    0xf4, 0xff, 0xff, 0xe8, 0x0, 0x0, 0x0, 0x1c,
    0xff, 0xff, 0xff, 0xbc, 0xf4, 0xff, 0xff, 0xe8,
    0x0, 0x0, 0x0, 0x1c, 0xff, 0xff, 0xff, 0xbc,
    0xf2, 0xff, 0xff, 0xf3, 0x0, 0x0, 0x0, 0x28,
    0xff, 0xff, 0xff, 0xbc, 0xe4, 0xff, 0xff, 0xff,
    0x38, 0x0, 0x0, 0x6d, 0xff, 0xff, 0xff, 0xbc,
    0xbd, 0xff, 0xff, 0xff, 0xee, 0x99, 0xa5, 0xfb,
    0xff, 0xff, 0xff, 0xbc, 0x71, 0xff, 0xff, 0xff,
    0xff, 0xff, 0xff, 0xfa, 0xff, 0xff, 0xff, 0xbc,
    0xa, 0xd9, 0xff, 0xff, 0xff, 0xff, 0xff, 0x7f,
    0xff, 0xff, 0xff, 0xbc, 0x0, 0x18, 0x9f, 0xeb,
    0xf8, 0xd2, 0x5d, 0x1c, 0xff, 0xff, 0xff, 0xbc,
    0x0, 0x0, 0x0, 0x0, 0x0, 0x0, 0x0, 0x1c,
    0xff, 0xff, 0xff, 0xbc, 0x0, 0x0, 0x0, 0x0,
    0x0, 0x0, 0x0, 0x1c, 0xff, 0xff, 0xff, 0xbc,
    0x84, 0x98, 0x98, 0x74, 0x0, 0x0, 0x0, 0x1f,
    0xff, 0xff, 0xff, 0xbb, 0xd6, 0xff, 0xff, 0xd0,
    0x0, 0x0, 0x0, 0x35, 0xff, 0xff, 0xff, 0xae,
    0xb9, 0xff, 0xff, 0xf8, 0x1c, 0x0, 0x0, 0x85,
    0xff, 0xff, 0xff, 0x90, 0x79, 0xff, 0xff, 0xff,
    0xe3, 0x95, 0xaf, 0xfe, 0xff, 0xff, 0xff, 0x52,
    0x16, 0xf0, 0xff, 0xff, 0xff, 0xff, 0xff, 0xff,
    0xff, 0xff, 0xdd, 0x5, 0x0, 0x4c, 0xf7, 0xff,
    0xff, 0xff, 0xff, 0xff, 0xff, 0xec, 0x34, 0x0,
    0x0, 0x0, 0x28, 0x9c, 0xdf, 0xf8, 0xf5, 0xd5,
    0x8c, 0x1a, 0x0, 0x0,

    /* U+003A ":" */
    0x90, 0xff, 0xff, 0xff, 0x24, 0x90, 0xff, 0xff,
    0xff, 0x24, 0x90, 0xff, 0xff, 0xff, 0x24, 0x69,
    0xbc, 0xbc, 0xbc, 0x1a, 0x0, 0x0, 0x0, 0x0,
    0x0, 0x0, 0x0, 0x0, 0x0, 0x0, 0x0, 0x0,
    0x0, 0x0, 0x0, 0x0, 0x0, 0x0, 0x0, 0x0,
    0x0, 0x0, 0x0, 0x0, 0x0, 0x0, 0x0, 0x0,
    0x0, 0x0, 0x0, 0x0, 0x0, 0x0, 0x0, 0x0,
    0x0, 0x0, 0x0, 0x0, 0x0, 0x0, 0x0, 0x0,
    0x0, 0x69, 0xbc, 0xbc, 0xbc, 0x1a, 0x90, 0xff,
    0xff, 0xff, 0x24, 0x90, 0xff, 0xff, 0xff, 0x24,
    0x90, 0xff, 0xff, 0xff, 0x24,

    /* U+003B ";" */
    0x90, 0xff, 0xff, 0xff, 0x24, 0x90, 0xff, 0xff,
    0xff, 0x24, 0x90, 0xff, 0xff, 0xff, 0x24, 0x69,
    0xbc, 0xbc, 0xbc, 0x1a, 0x0, 0x0, 0x0, 0x0,
    0x0, 0x0, 0x0, 0x0, 0x0, 0x0, 0x0, 0x0,
    0x0, 0x0, 0x0, 0x0, 0x0, 0x0, 0x0, 0x0,
    0x0, 0x0, 0x0, 0x0, 0x0, 0x0, 0x0, 0x0,
    0x0, 0x0, 0x0, 0x0, 0x0, 0x0, 0x0, 0x0,
    0x0, 0x0, 0x0, 0x0, 0x0, 0x0, 0x0, 0x0,
    0x0, 0x69, 0xbc, 0xbc, 0xbc, 0x1a, 0x90, 0xff,
    0xff, 0xff, 0x24, 0x90, 0xff, 0xff, 0xff, 0x24,
    0x90, 0xff, 0xff, 0xff, 0x1b, 0x0, 0x80, 0xff,
    0xb5, 0x0, 0x0, 0xdc, 0xff, 0x39, 0x0, 0x3c,
    0xff, 0xbd, 0x0, 0x0, 0x99, 0xff, 0x41, 0x0,
    0x0,

    /* U+003C "<" */
    0x0, 0x0, 0x0, 0x0, 0x0, 0x0, 0x0, 0x0,
    0x0, 0x0, 0xf, 0x7, 0x0, 0x0, 0x0, 0x0,
    0x0, 0x0, 0x0, 0x0, 0x26, 0x94, 0xf4, 0x1c,
    0x0, 0x0, 0x0, 0x0, 0x0, 0x0, 0x46, 0xb5,
    0xfe, 0xff, 0xff, 0x1c, 0x0, 0x0, 0x0, 0xa,
    0x67, 0xd6, 0xff, 0xff, 0xff, 0xff, 0xca, 0xf,
    0x0, 0x1d, 0x88, 0xed, 0xff, 0xff, 0xff, 0xf9,
    0xa4, 0x37, 0x0, 0x0, 0x72, 0xfc, 0xff, 0xff,
    0xff, 0xe5, 0x7e, 0x17, 0x0, 0x0, 0x0, 0x0,
    0x98, 0xff, 0xff, 0xf7, 0x64, 0x4, 0x0, 0x0,
    0x0, 0x0, 0x0, 0x0, 0x97, 0xff, 0xff, 0xff,
    0xf1, 0x91, 0x26, 0x0, 0x0, 0x0, 0x0, 0x0,
    0xf, 0x72, 0xde, 0xff, 0xff, 0xff, 0xfe, 0xb8,
    0x4b, 0x2, 0x0, 0x0, 0x0, 0x0, 0x2, 0x51,
    0xc0, 0xff, 0xff, 0xff, 0xff, 0xdc, 0x71, 0x5,
    0x0, 0x0, 0x0, 0x0, 0x0, 0x2f, 0x9f, 0xf8,
    0xff, 0xff, 0xff, 0x1c, 0x0, 0x0, 0x0, 0x0,
    0x0, 0x0, 0x0, 0x16, 0x7e, 0xe7, 0xff, 0x1c,
    0x0, 0x0, 0x0, 0x0, 0x0, 0x0, 0x0, 0x0,
    0x0, 0x6, 0x5c, 0x10,

    /* U+003D "=" */
    0x84, 0xbc, 0xbc, 0xbc, 0xbc, 0xbc, 0xbc, 0xbc,
    0xbc, 0xbc, 0xbc, 0x84, 0xb4, 0xff, 0xff, 0xff,
    0xff, 0xff, 0xff, 0xff, 0xff, 0xff, 0xff, 0xb4,
    0xb4, 0xff, 0xff, 0xff, 0xff, 0xff, 0xff, 0xff,
    0xff, 0xff, 0xff, 0xb4, 0x0, 0x0, 0x0, 0x0,
    0x0, 0x0, 0x0, 0x0, 0x0, 0x0, 0x0, 0x0,
    0x0, 0x0, 0x0, 0x0, 0x0, 0x0, 0x0, 0x0,
    0x0, 0x0, 0x0, 0x0, 0x0, 0x0, 0x0, 0x0,
    0x0, 0x0, 0x0, 0x0, 0x0, 0x0, 0x0, 0x0,
    0x87, 0xc0, 0xc0, 0xc0, 0xc0, 0xc0, 0xc0, 0xc0,
    0xc0, 0xc0, 0xc0, 0x87, 0xb4, 0xff, 0xff, 0xff,
    0xff, 0xff, 0xff, 0xff, 0xff, 0xff, 0xff, 0xb4,
    0xb4, 0xff, 0xff, 0xff, 0xff, 0xff, 0xff, 0xff,
    0xff, 0xff, 0xff, 0xb4,

    /* U+003E ">" */
    0x7, 0xf, 0x0, 0x0, 0x0, 0x0, 0x0, 0x0,
    0x0, 0x0, 0x0, 0x0, 0x1c, 0xf3, 0x94, 0x26,
    0x0, 0x0, 0x0, 0x0, 0x0, 0x0, 0x0, 0x0,
    0x1c, 0xff, 0xff, 0xfe, 0xb5, 0x46, 0x0, 0x0,
    0x0, 0x0, 0x0, 0x0, 0xf, 0xca, 0xff, 0xff,
    0xff, 0xff, 0xd5, 0x67, 0xa, 0x0, 0x0, 0x0,
    0x0, 0x0, 0x37, 0xa4, 0xf9, 0xff, 0xff, 0xff,
    0xed, 0x88, 0x1d, 0x0, 0x0, 0x0, 0x0, 0x0,
    0x17, 0x7e, 0xe5, 0xff, 0xff, 0xff, 0xfb, 0x72,
    0x0, 0x0, 0x0, 0x0, 0x0, 0x0, 0x4, 0x64,
    0xf7, 0xff, 0xff, 0x98, 0x0, 0x0, 0x0, 0x0,
    0x0, 0x26, 0x91, 0xf1, 0xff, 0xff, 0xff, 0x97,
    0x0, 0x0, 0x2, 0x4b, 0xb8, 0xfe, 0xff, 0xff,
    0xff, 0xde, 0x72, 0xf, 0x5, 0x71, 0xdc, 0xff,
    0xff, 0xff, 0xff, 0xc0, 0x51, 0x2, 0x0, 0x0,
    0x1c, 0xff, 0xff, 0xff, 0xf8, 0x9f, 0x2f, 0x0,
    0x0, 0x0, 0x0, 0x0, 0x1c, 0xff, 0xe6, 0x7e,
    0x15, 0x0, 0x0, 0x0, 0x0, 0x0, 0x0, 0x0,
    0x10, 0x5c, 0x5, 0x0, 0x0, 0x0, 0x0, 0x0,
    0x0, 0x0, 0x0, 0x0,

    /* U+003F "?" */
    0x0, 0x0, 0x4, 0x67, 0xc4, 0xf0, 0xfa, 0xe4,
    0xa8, 0x36, 0x0, 0x0, 0x0, 0x5, 0xb9, 0xff,
    0xff, 0xff, 0xff, 0xff, 0xff, 0xfd, 0x65, 0x0,
    0x0, 0x7f, 0xff, 0xff, 0xff, 0xff, 0xff, 0xff,
    0xff, 0xff, 0xfa, 0x2a, 0x3, 0xeb, 0xff, 0xff,
    0xff, 0xaf, 0x92, 0xe6, 0xff, 0xff, 0xff, 0x97,
    0x2d, 0xff, 0xff, 0xff, 0x9b, 0x0, 0x0, 0x28,
    0xfe, 0xff, 0xff, 0xd7, 0x4a, 0xff, 0xff, 0xff,
    0x5c, 0x0, 0x0, 0x0, 0xe5, 0xff, 0xff, 0xf3,
    0x53, 0xff, 0xff, 0xff, 0x50, 0x0, 0x0, 0x0,
    0xe3, 0xff, 0xff, 0xf7, 0x54, 0xff, 0xff, 0xff,
    0x50, 0x0, 0x0, 0x7, 0xf9, 0xff, 0xff, 0xe0,
    0x34, 0xa0, 0xa0, 0xa0, 0x32, 0x0, 0x0, 0x41,
    0xff, 0xff, 0xff, 0xa6, 0x0, 0x0, 0x0, 0x0,
    0x0, 0x0, 0x0, 0xab, 0xff, 0xff, 0xff, 0x51,
    0x0, 0x0, 0x0, 0x0, 0x0, 0x0, 0x34, 0xfd,
    0xff, 0xff, 0xd4, 0x1, 0x0, 0x0, 0x0, 0x0,
    0x0, 0x4, 0xcf, 0xff, 0xff, 0xfe, 0x3f, 0x0,
    0x0, 0x0, 0x0, 0x0, 0x0, 0x75, 0xff, 0xff,
    0xff, 0x91, 0x0, 0x0, 0x0, 0x0, 0x0, 0x0,
    0x13, 0xf4, 0xff, 0xff, 0xd8, 0x9, 0x0, 0x0,
    0x0, 0x0, 0x0, 0x0, 0x77, 0xff, 0xff, 0xff,
    0x43, 0x0, 0x0, 0x0, 0x0, 0x0, 0x0, 0x0,
    0xbd, 0xff, 0xff, 0xc9, 0x0, 0x0, 0x0, 0x0,
    0x0, 0x0, 0x0, 0x0, 0xde, 0xff, 0xff, 0x87,
    0x0, 0x0, 0x0, 0x0, 0x0, 0x0, 0x0, 0x0,
    0xe8, 0xff, 0xff, 0x74, 0x0, 0x0, 0x0, 0x0,
    0x0, 0x0, 0x0, 0x0, 0x70, 0x7c, 0x7c, 0x38,
    0x0, 0x0, 0x0, 0x0, 0x0, 0x0, 0x0, 0x0,
    0x0, 0x0, 0x0, 0x0, 0x0, 0x0, 0x0, 0x0,
    0x0, 0x0, 0x0, 0x0, 0x0, 0x0, 0x0, 0x0,
    0x0, 0x0, 0x0, 0x0, 0x0, 0x0, 0x0, 0xe,
    0xbc, 0xbc, 0xbc, 0x75, 0x0, 0x0, 0x0, 0x0,
    0x0, 0x0, 0x0, 0x14, 0xff, 0xff, 0xff, 0xa0,
    0x0, 0x0, 0x0, 0x0, 0x0, 0x0, 0x0, 0x14,
    0xff, 0xff, 0xff, 0xa0, 0x0, 0x0, 0x0, 0x0,
    0x0, 0x0, 0x0, 0x14, 0xff, 0xff, 0xff, 0xa0,
    0x0, 0x0, 0x0, 0x0,

    /* U+0040 "@" */
    0x0, 0x0, 0x0, 0x0, 0x0, 0x0, 0x0, 0x0,
    0x4, 0x4f, 0x98, 0xcd, 0xe9, 0xfa, 0xf2, 0xdf,
    0xbe, 0x7d, 0x2a, 0x0, 0x0, 0x0, 0x0, 0x0,
    0x0, 0x0, 0x0, 0x0, 0x0, 0x0, 0x2, 0x63,
    0xe7, 0xff, 0xff, 0xff, 0xff, 0xff, 0xff, 0xff,
    0xff, 0xff, 0xfd, 0xa4, 0x10, 0x0, 0x0, 0x0,
    0x0, 0x0, 0x0, 0x0, 0x0, 0x12, 0xbc, 0xff,
    0xff, 0xff, 0xff, 0xff, 0xff, 0xff, 0xff, 0xff,
    0xff, 0xff, 0xff, 0xff, 0xd1, 0x16, 0x0, 0x0,
    0x0, 0x0, 0x0, 0x0, 0x14, 0xd7, 0xff, 0xff,
    0xff, 0xe4, 0x8c, 0x3d, 0x1d, 0x6, 0x11, 0x2f,
    0x71, 0xde, 0xff, 0xff, 0xff, 0xb1, 0x0, 0x0,
    0x0, 0x0, 0x0, 0x5, 0xc7, 0xff, 0xff, 0xfe,
    0x91, 0xa, 0x0, 0x0, 0x0, 0x0, 0x0, 0x0,
    0x0, 0x5, 0x9e, 0xff, 0xff, 0xff, 0x4a, 0x0,
    0x0, 0x0, 0x0, 0x7f, 0xff, 0xff, 0xff, 0x6d,
    0x0, 0x0, 0x0, 0x0, 0x0, 0x0, 0x0, 0x0,
    0x0, 0x0, 0x1, 0xbb, 0xff, 0xff, 0xb6, 0x0,
    0x0, 0x0, 0x1b, 0xf8, 0xff, 0xff, 0x94, 0x0,
    0x0, 0x0, 0x33, 0x5c, 0x40, 0x1, 0xc, 0x64,
    0x64, 0x64, 0xf, 0x2a, 0xff, 0xff, 0xfd, 0xc,
    0x0, 0x0, 0x8e, 0xff, 0xff, 0xeb, 0x10, 0x0,
    0x7, 0xaf, 0xff, 0xff, 0xff, 0xbd, 0x40, 0xff,
    0xff, 0xff, 0x14, 0x0, 0xc8, 0xff, 0xff, 0x40,
    0x0, 0x4, 0xeb, 0xff, 0xff, 0x78, 0x0, 0x0,
    0x8a, 0xff, 0xff, 0xff, 0xff, 0xff, 0xc5, 0xff,
    0xff, 0xf9, 0x1, 0x0, 0x8e, 0xff, 0xff, 0x65,
    0x0, 0x45, 0xff, 0xff, 0xff, 0x1f, 0x0, 0xc,
    0xf4, 0xff, 0xff, 0xff, 0xff, 0xff, 0xff, 0xff,
    0xff, 0xe1, 0x0, 0x0, 0x73, 0xff, 0xff, 0x76,
    0x0, 0x86, 0xff, 0xff, 0xcc, 0x0, 0x0, 0x4a,
    0xff, 0xff, 0xff, 0x8a, 0xe, 0x32, 0xf1, 0xff,
    0xff, 0xc8, 0x0, 0x0, 0x68, 0xff, 0xff, 0x80,
    0x0, 0xbe, 0xff, 0xff, 0x99, 0x0, 0x0, 0x79,
    0xff, 0xff, 0xf0, 0x4, 0x0, 0x0, 0xb8, 0xff,
    0xff, 0xae, 0x0, 0x0, 0x77, 0xff, 0xff, 0x78,
    0x0, 0xe5, 0xff, 0xff, 0x6b, 0x0, 0x0, 0x9b,
    0xff, 0xff, 0xc3, 0x0, 0x0, 0x0, 0xc4, 0xff,
    0xff, 0x94, 0x0, 0x0, 0x88, 0xff, 0xff, 0x66,
    0x5, 0xfe, 0xff, 0xff, 0x4b, 0x0, 0x0, 0xb6,
    0xff, 0xff, 0xa8, 0x0, 0x0, 0x0, 0xde, 0xff,
    0xff, 0x7b, 0x0, 0x0, 0xa8, 0xff, 0xff, 0x47,
    0x13, 0xff, 0xff, 0xff, 0x3e, 0x0, 0x0, 0xd1,
    0xff, 0xff, 0x8d, 0x0, 0x0, 0x0, 0xf7, 0xff,
    0xff, 0x61, 0x0, 0x0, 0xdf, 0xff, 0xff, 0x16,
    0x1c, 0xff, 0xff, 0xff, 0x31, 0x0, 0x0, 0xec,
    0xff, 0xff, 0x76, 0x0, 0x0, 0x15, 0xff, 0xff,
    0xff, 0x47, 0x0, 0x19, 0xff, 0xff, 0xd3, 0x0,
    0x14, 0xff, 0xff, 0xff, 0x34, 0x0, 0x0, 0xfc,
    0xff, 0xff, 0x86, 0x0, 0x0, 0x58, 0xff, 0xff,
    0xff, 0x2e, 0x0, 0x76, 0xff, 0xff, 0x76, 0x0,
    0x4, 0xff, 0xff, 0xff, 0x44, 0x0, 0x0, 0xed,
    0xff, 0xff, 0xeb, 0x62, 0x65, 0xe8, 0xff, 0xff,
    0xff, 0x3c, 0x3d, 0xf0, 0xff, 0xed, 0xe, 0x0,
    0x0, 0xed, 0xff, 0xff, 0x68, 0x0, 0x0, 0xca,
    0xff, 0xff, 0xff, 0xff, 0xff, 0xfb, 0xff, 0xff,
    0xff, 0xff, 0xff, 0xff, 0xff, 0x5e, 0x0, 0x0,
    0x0, 0xba, 0xff, 0xff, 0xa0, 0x0, 0x0, 0x68,
    0xff, 0xff, 0xff, 0xff, 0xfe, 0x67, 0xff, 0xff,
    0xff, 0xff, 0xff, 0xff, 0x83, 0x0, 0x0, 0x0,
    0x0, 0x82, 0xff, 0xff, 0xf0, 0xa, 0x0, 0x5,
    0xa4, 0xff, 0xff, 0xf0, 0x62, 0x0, 0x83, 0xfa,
    0xff, 0xff, 0xd1, 0x4e, 0x0, 0x0, 0x0, 0x0,
    0x0, 0x2b, 0xff, 0xff, 0xff, 0x72, 0x0, 0x0,
    0x0, 0x18, 0x2a, 0x9, 0x0, 0x0, 0x0, 0xe,
    0x2c, 0x1b, 0x0, 0x0, 0x0, 0x0, 0x0, 0x0,
    0x0, 0x0, 0xc1, 0xff, 0xff, 0xf6, 0x2c, 0x0,
    0x0, 0x0, 0x0, 0x0, 0x0, 0x0, 0x0, 0x0,
    0x0, 0x0, 0x0, 0x16, 0x0, 0x0, 0x0, 0x0,
    0x0, 0x0, 0x36, 0xfc, 0xff, 0xff, 0xec, 0x40,
    0x0, 0x0, 0x0, 0x0, 0x0, 0x0, 0x0, 0x0,
    0x0, 0x1a, 0xa7, 0x7d, 0x0, 0x0, 0x0, 0x0,
    0x0, 0x0, 0x0, 0x81, 0xff, 0xff, 0xff, 0xff,
    0xb2, 0x59, 0x1c, 0x4, 0x0, 0x7, 0x22, 0x58,
    0xa6, 0xfa, 0xff, 0x68, 0x0, 0x0, 0x0, 0x0,
    0x0, 0x0, 0x0, 0x0, 0x85, 0xff, 0xff, 0xff,
    0xff, 0xff, 0xff, 0xff, 0xf8, 0xff, 0xff, 0xff,
    0xff, 0xff, 0xff, 0x52, 0x0, 0x0, 0x0, 0x0,
    0x0, 0x0, 0x0, 0x0, 0x0, 0x4f, 0xd6, 0xff,
    0xff, 0xff, 0xff, 0xff, 0xff, 0xff, 0xff, 0xff,
    0xff, 0xf1, 0x78, 0x8, 0x0, 0x0, 0x0, 0x0,
    0x0, 0x0, 0x0, 0x0, 0x0, 0x0, 0x3, 0x47,
    0x8c, 0xc8, 0xe1, 0xf4, 0xfa, 0xed, 0xd1, 0xa3,
    0x5c, 0xb, 0x0, 0x0, 0x0, 0x0, 0x0, 0x0,

    /* U+0041 "A" */
    0x0, 0x0, 0x0, 0x0, 0xad, 0xff, 0xff, 0xff,
    0xff, 0xb3, 0x0, 0x0, 0x0, 0x0, 0x0, 0x0,
    0x0, 0x0, 0xd5, 0xff, 0xff, 0xff, 0xff, 0xdc,
    0x0, 0x0, 0x0, 0x0, 0x0, 0x0, 0x0, 0x4,
    0xf9, 0xff, 0xff, 0xff, 0xff, 0xfd, 0x8, 0x0,
    0x0, 0x0, 0x0, 0x0, 0x0, 0x27, 0xff, 0xff,
    0xff, 0xff, 0xff, 0xff, 0x2e, 0x0, 0x0, 0x0,
    0x0, 0x0, 0x0, 0x50, 0xff, 0xff, 0xe6, 0xff,
    0xff, 0xff, 0x57, 0x0, 0x0, 0x0, 0x0, 0x0,
    0x0, 0x79, 0xff, 0xff, 0xab, 0xf2, 0xff, 0xff,
    0x7f, 0x0, 0x0, 0x0, 0x0, 0x0, 0x0, 0xa1,
    0xff, 0xff, 0x88, 0xcf, 0xff, 0xff, 0xa8, 0x0,
    0x0, 0x0, 0x0, 0x0, 0x0, 0xca, 0xff, 0xff,
    0x65, 0xac, 0xff, 0xff, 0xd1, 0x0, 0x0, 0x0,
    0x0, 0x0, 0x0, 0xf2, 0xff, 0xff, 0x42, 0x88,
    0xff, 0xff, 0xf7, 0x2, 0x0, 0x0, 0x0, 0x0,
    0x1c, 0xff, 0xff, 0xff, 0x1f, 0x65, 0xff, 0xff,
    0xff, 0x23, 0x0, 0x0, 0x0, 0x0, 0x45, 0xff,
    0xff, 0xf9, 0x2, 0x41, 0xff, 0xff, 0xff, 0x4b,
    0x0, 0x0, 0x0, 0x0, 0x6d, 0xff, 0xff, 0xd9,
    0x0, 0x1d, 0xff, 0xff, 0xff, 0x74, 0x0, 0x0,
    0x0, 0x0, 0x96, 0xff, 0xff, 0xb6, 0x0, 0x1,
    0xf7, 0xff, 0xff, 0x9d, 0x0, 0x0, 0x0, 0x0,
    0xbf, 0xff, 0xff, 0x93, 0x0, 0x0, 0xd6, 0xff,
    0xff, 0xc6, 0x0, 0x0, 0x0, 0x0, 0xe8, 0xff,
    0xff, 0x70, 0x0, 0x0, 0xb2, 0xff, 0xff, 0xef,
    0x0, 0x0, 0x0, 0x10, 0xff, 0xff, 0xff, 0x4d,
    0x0, 0x0, 0x8f, 0xff, 0xff, 0xff, 0x17, 0x0,
    0x0, 0x39, 0xff, 0xff, 0xff, 0x71, 0x50, 0x50,
    0x9d, 0xff, 0xff, 0xff, 0x40, 0x0, 0x0, 0x62,
    0xff, 0xff, 0xff, 0xff, 0xff, 0xff, 0xff, 0xff,
    0xff, 0xff, 0x69, 0x0, 0x0, 0x8b, 0xff, 0xff,
    0xff, 0xff, 0xff, 0xff, 0xff, 0xff, 0xff, 0xff,
    0x92, 0x0, 0x0, 0xb4, 0xff, 0xff, 0xff, 0xff,
    0xff, 0xff, 0xff, 0xff, 0xff, 0xff, 0xbb, 0x0,
    0x0, 0xdd, 0xff, 0xff, 0x9d, 0x0, 0x0, 0x0,
    0x0, 0xdf, 0xff, 0xff, 0xe3, 0x0, 0x8, 0xfd,
    0xff, 0xff, 0x79, 0x0, 0x0, 0x0, 0x0, 0xbb,
    0xff, 0xff, 0xff, 0xd, 0x2e, 0xff, 0xff, 0xff,
    0x55, 0x0, 0x0, 0x0, 0x0, 0x97, 0xff, 0xff,
    0xff, 0x35, 0x57, 0xff, 0xff, 0xff, 0x31, 0x0,
    0x0, 0x0, 0x0, 0x73, 0xff, 0xff, 0xff, 0x5e,
    0x80, 0xff, 0xff, 0xff, 0xd, 0x0, 0x0, 0x0,
    0x0, 0x4e, 0xff, 0xff, 0xff, 0x87,

    /* U+0042 "B" */
    0x90, 0xff, 0xff, 0xff, 0xff, 0xff, 0xfa, 0xe7,
    0xb4, 0x4f, 0x0, 0x0, 0x0, 0x90, 0xff, 0xff,
    0xff, 0xff, 0xff, 0xff, 0xff, 0xff, 0xff, 0x8f,
    0x0, 0x0, 0x90, 0xff, 0xff, 0xff, 0xff, 0xff,
    0xff, 0xff, 0xff, 0xff, 0xff, 0x44, 0x0, 0x90,
    0xff, 0xff, 0xff, 0xa9, 0x88, 0x99, 0xef, 0xff,
    0xff, 0xff, 0xa5, 0x0, 0x90, 0xff, 0xff, 0xff,
    0x48, 0x0, 0x0, 0x3f, 0xff, 0xff, 0xff, 0xd9,
    0x0, 0x90, 0xff, 0xff, 0xff, 0x48, 0x0, 0x0,
    0x0, 0xf9, 0xff, 0xff, 0xed, 0x0, 0x90, 0xff,
    0xff, 0xff, 0x48, 0x0, 0x0, 0x0, 0xe8, 0xff,
    0xff, 0xf3, 0x0, 0x90, 0xff, 0xff, 0xff, 0x48,
    0x0, 0x0, 0x0, 0xe9, 0xff, 0xff, 0xe6, 0x0,
    0x90, 0xff, 0xff, 0xff, 0x48, 0x0, 0x0, 0x3,
    0xfb, 0xff, 0xff, 0xcd, 0x0, 0x90, 0xff, 0xff,
    0xff, 0x48, 0x0, 0x0, 0x52, 0xff, 0xff, 0xff,
    0x89, 0x0, 0x90, 0xff, 0xff, 0xff, 0xa6, 0x84,
    0xa3, 0xf9, 0xff, 0xff, 0xf0, 0x1f, 0x0, 0x90,
    0xff, 0xff, 0xff, 0xff, 0xff, 0xff, 0xff, 0xff,
    0xdd, 0x3b, 0x0, 0x0, 0x90, 0xff, 0xff, 0xff,
    0xff, 0xff, 0xff, 0xff, 0xff, 0xed, 0x6a, 0x0,
    0x0, 0x90, 0xff, 0xff, 0xff, 0xff, 0xff, 0xff,
    0xff, 0xff, 0xff, 0xff, 0x61, 0x0, 0x90, 0xff,
    0xff, 0xff, 0x48, 0x0, 0x12, 0x65, 0xfc, 0xff,
    0xff, 0xdf, 0x1, 0x90, 0xff, 0xff, 0xff, 0x48,
    0x0, 0x0, 0x0, 0xb2, 0xff, 0xff, 0xff, 0x2a,
    0x90, 0xff, 0xff, 0xff, 0x48, 0x0, 0x0, 0x0,
    0x8a, 0xff, 0xff, 0xff, 0x44, 0x90, 0xff, 0xff,
    0xff, 0x48, 0x0, 0x0, 0x0, 0x84, 0xff, 0xff,
    0xff, 0x53, 0x90, 0xff, 0xff, 0xff, 0x48, 0x0,
    0x0, 0x0, 0x84, 0xff, 0xff, 0xff, 0x54, 0x90,
    0xff, 0xff, 0xff, 0x48, 0x0, 0x0, 0x0, 0x90,
    0xff, 0xff, 0xff, 0x4e, 0x90, 0xff, 0xff, 0xff,
    0x48, 0x0, 0x0, 0x0, 0xcb, 0xff, 0xff, 0xff,
    0x37, 0x90, 0xff, 0xff, 0xff, 0xa6, 0x84, 0x88,
    0xc3, 0xff, 0xff, 0xff, 0xf5, 0x7, 0x90, 0xff,
    0xff, 0xff, 0xff, 0xff, 0xff, 0xff, 0xff, 0xff,
    0xff, 0x8f, 0x0, 0x90, 0xff, 0xff, 0xff, 0xff,
    0xff, 0xff, 0xff, 0xff, 0xff, 0xc2, 0x9, 0x0,
    0x90, 0xff, 0xff, 0xff, 0xff, 0xff, 0xfd, 0xee,
    0xc0, 0x67, 0x5, 0x0, 0x0,

    /* U+0043 "C" */
    0x0, 0x0, 0x26, 0x9b, 0xde, 0xf8, 0xf3, 0xcf,
    0x7e, 0xf, 0x0, 0x0, 0x0, 0x48, 0xf5, 0xff,
    0xff, 0xff, 0xff, 0xff, 0xff, 0xda, 0x1b, 0x0,
    0x12, 0xef, 0xff, 0xff, 0xff, 0xff, 0xff, 0xff,
    0xff, 0xff, 0xb7, 0x0, 0x71, 0xff, 0xff, 0xff,
    0xf4, 0x99, 0x9d, 0xf8, 0xff, 0xff, 0xff, 0x28,
    0xaf, 0xff, 0xff, 0xff, 0x52, 0x0, 0x0, 0x63,
    0xff, 0xff, 0xff, 0x65, 0xc8, 0xff, 0xff, 0xff,
    0x14, 0x0, 0x0, 0x25, 0xff, 0xff, 0xff, 0x7f,
    0xd0, 0xff, 0xff, 0xff, 0xc, 0x0, 0x0, 0x1c,
    0xff, 0xff, 0xff, 0x88, 0xd0, 0xff, 0xff, 0xff,
    0xc, 0x0, 0x0, 0x1c, 0xff, 0xff, 0xff, 0x88,
    0xd0, 0xff, 0xff, 0xff, 0xc, 0x0, 0x0, 0xf,
    0x90, 0x90, 0x90, 0x4c, 0xd0, 0xff, 0xff, 0xff,
    0xc, 0x0, 0x0, 0x0, 0x0, 0x0, 0x0, 0x0,
    0xd0, 0xff, 0xff, 0xff, 0xc, 0x0, 0x0, 0x0,
    0x0, 0x0, 0x0, 0x0, 0xd0, 0xff, 0xff, 0xff,
    0xc, 0x0, 0x0, 0x0, 0x0, 0x0, 0x0, 0x0,
    0xd0, 0xff, 0xff, 0xff, 0xc, 0x0, 0x0, 0x0,
    0x0, 0x0, 0x0, 0x0, 0xd0, 0xff, 0xff, 0xff,
    0xc, 0x0, 0x0, 0x0, 0x0, 0x0, 0x0, 0x0,
    0xd0, 0xff, 0xff, 0xff, 0xc, 0x0, 0x0, 0x0,
    0x0, 0x0, 0x0, 0x0, 0xd0, 0xff, 0xff, 0xff,
    0xc, 0x0, 0x0, 0xb, 0x6c, 0x6c, 0x6c, 0x39,
    0xd0, 0xff, 0xff, 0xff, 0xc, 0x0, 0x0, 0x1c,
    0xff, 0xff, 0xff, 0x88, 0xd0, 0xff, 0xff, 0xff,
    0xc, 0x0, 0x0, 0x1c, 0xff, 0xff, 0xff, 0x88,
    0xd0, 0xff, 0xff, 0xff, 0xc, 0x0, 0x0, 0x1c,
    0xff, 0xff, 0xff, 0x88, 0xc8, 0xff, 0xff, 0xff,
    0x14, 0x0, 0x0, 0x24, 0xff, 0xff, 0xff, 0x7f,
    0xae, 0xff, 0xff, 0xff, 0x51, 0x0, 0x0, 0x62,
    0xff, 0xff, 0xff, 0x65, 0x71, 0xff, 0xff, 0xff,
    0xf4, 0x9c, 0xa0, 0xf8, 0xff, 0xff, 0xff, 0x28,
    0x12, 0xee, 0xff, 0xff, 0xff, 0xff, 0xff, 0xff,
    0xff, 0xff, 0xb7, 0x0, 0x0, 0x48, 0xf5, 0xff,
    0xff, 0xff, 0xff, 0xff, 0xff, 0xda, 0x1b, 0x0,
    0x0, 0x0, 0x26, 0x9b, 0xde, 0xf8, 0xf4, 0xd0,
    0x7f, 0xf, 0x0, 0x0,

    /* U+0044 "D" */
    0x90, 0xff, 0xff, 0xff, 0xff, 0xff, 0xfb, 0xe6,
    0xae, 0x43, 0x0, 0x0, 0x0, 0x90, 0xff, 0xff,
    0xff, 0xff, 0xff, 0xff, 0xff, 0xff, 0xff, 0x7e,
    0x0, 0x0, 0x90, 0xff, 0xff, 0xff, 0xff, 0xff,
    0xff, 0xff, 0xff, 0xff, 0xff, 0x3f, 0x0, 0x90,
    0xff, 0xff, 0xff, 0xa9, 0x88, 0x94, 0xe6, 0xff,
    0xff, 0xff, 0xac, 0x0, 0x90, 0xff, 0xff, 0xff,
    0x48, 0x0, 0x0, 0x23, 0xfb, 0xff, 0xff, 0xe9,
    0x0, 0x90, 0xff, 0xff, 0xff, 0x48, 0x0, 0x0,
    0x0, 0xda, 0xff, 0xff, 0xff, 0x5, 0x90, 0xff,
    0xff, 0xff, 0x48, 0x0, 0x0, 0x0, 0xcc, 0xff,
    0xff, 0xff, 0xf, 0x90, 0xff, 0xff, 0xff, 0x48,
    0x0, 0x0, 0x0, 0xcc, 0xff, 0xff, 0xff, 0x10,
    0x90, 0xff, 0xff, 0xff, 0x48, 0x0, 0x0, 0x0,
    0xcc, 0xff, 0xff, 0xff, 0x10, 0x90, 0xff, 0xff,
    0xff, 0x48, 0x0, 0x0, 0x0, 0xcc, 0xff, 0xff,
    0xff, 0x10, 0x90, 0xff, 0xff, 0xff, 0x48, 0x0,
    0x0, 0x0, 0xcc, 0xff, 0xff, 0xff, 0x10, 0x90,
    0xff, 0xff, 0xff, 0x48, 0x0, 0x0, 0x0, 0xcc,
    0xff, 0xff, 0xff, 0x10, 0x90, 0xff, 0xff, 0xff,
    0x48, 0x0, 0x0, 0x0, 0xcc, 0xff, 0xff, 0xff,
    0x10, 0x90, 0xff, 0xff, 0xff, 0x48, 0x0, 0x0,
    0x0, 0xcc, 0xff, 0xff, 0xff, 0x10, 0x90, 0xff,
    0xff, 0xff, 0x48, 0x0, 0x0, 0x0, 0xcc, 0xff,
    0xff, 0xff, 0x10, 0x90, 0xff, 0xff, 0xff, 0x48,
    0x0, 0x0, 0x0, 0xcc, 0xff, 0xff, 0xff, 0x10,
    0x90, 0xff, 0xff, 0xff, 0x48, 0x0, 0x0, 0x0,
    0xcc, 0xff, 0xff, 0xff, 0x10, 0x90, 0xff, 0xff,
    0xff, 0x48, 0x0, 0x0, 0x0, 0xcc, 0xff, 0xff,
    0xff, 0x10, 0x90, 0xff, 0xff, 0xff, 0x48, 0x0,
    0x0, 0x0, 0xcc, 0xff, 0xff, 0xff, 0xf, 0x90,
    0xff, 0xff, 0xff, 0x48, 0x0, 0x0, 0x0, 0xda,
    0xff, 0xff, 0xff, 0x5, 0x90, 0xff, 0xff, 0xff,
    0x48, 0x0, 0x0, 0x21, 0xfb, 0xff, 0xff, 0xe9,
    0x0, 0x90, 0xff, 0xff, 0xff, 0xa6, 0x84, 0x90,
    0xe4, 0xff, 0xff, 0xff, 0xac, 0x0, 0x90, 0xff,
    0xff, 0xff, 0xff, 0xff, 0xff, 0xff, 0xff, 0xff,
    0xff, 0x40, 0x0, 0x90, 0xff, 0xff, 0xff, 0xff,
    0xff, 0xff, 0xff, 0xff, 0xff, 0x82, 0x0, 0x0,
    0x90, 0xff, 0xff, 0xff, 0xff, 0xff, 0xfb, 0xe7,
    0xb0, 0x45, 0x0, 0x0, 0x0,

    /* U+0045 "E" */
    0x90, 0xff, 0xff, 0xff, 0xff, 0xff, 0xff, 0xff,
    0xff, 0xff, 0xf0, 0x90, 0xff, 0xff, 0xff, 0xff,
    0xff, 0xff, 0xff, 0xff, 0xff, 0xf0, 0x90, 0xff,
    0xff, 0xff, 0xff, 0xff, 0xff, 0xff, 0xff, 0xff,
    0xf0, 0x90, 0xff, 0xff, 0xff, 0xa9, 0x88, 0x88,
    0x88, 0x88, 0x88, 0x7f, 0x90, 0xff, 0xff, 0xff,
    0x48, 0x0, 0x0, 0x0, 0x0, 0x0, 0x0, 0x90,
    0xff, 0xff, 0xff, 0x48, 0x0, 0x0, 0x0, 0x0,
    0x0, 0x0, 0x90, 0xff, 0xff, 0xff, 0x48, 0x0,
    0x0, 0x0, 0x0, 0x0, 0x0, 0x90, 0xff, 0xff,
    0xff, 0x48, 0x0, 0x0, 0x0, 0x0, 0x0, 0x0,
    0x90, 0xff, 0xff, 0xff, 0x48, 0x0, 0x0, 0x0,
    0x0, 0x0, 0x0, 0x90, 0xff, 0xff, 0xff, 0x48,
    0x0, 0x0, 0x0, 0x0, 0x0, 0x0, 0x90, 0xff,
    0xff, 0xff, 0xa6, 0x84, 0x84, 0x84, 0x84, 0x4a,
    0x0, 0x90, 0xff, 0xff, 0xff, 0xff, 0xff, 0xff,
    0xff, 0xff, 0x90, 0x0, 0x90, 0xff, 0xff, 0xff,
    0xff, 0xff, 0xff, 0xff, 0xff, 0x90, 0x0, 0x90,
    0xff, 0xff, 0xff, 0xff, 0xff, 0xff, 0xff, 0xff,
    0x90, 0x0, 0x90, 0xff, 0xff, 0xff, 0x48, 0x0,
    0x0, 0x0, 0x0, 0x0, 0x0, 0x90, 0xff, 0xff,
    0xff, 0x48, 0x0, 0x0, 0x0, 0x0, 0x0, 0x0,
    0x90, 0xff, 0xff, 0xff, 0x48, 0x0, 0x0, 0x0,
    0x0, 0x0, 0x0, 0x90, 0xff, 0xff, 0xff, 0x48,
    0x0, 0x0, 0x0, 0x0, 0x0, 0x0, 0x90, 0xff,
    0xff, 0xff, 0x48, 0x0, 0x0, 0x0, 0x0, 0x0,
    0x0, 0x90, 0xff, 0xff, 0xff, 0x48, 0x0, 0x0,
    0x0, 0x0, 0x0, 0x0, 0x90, 0xff, 0xff, 0xff,
    0x48, 0x0, 0x0, 0x0, 0x0, 0x0, 0x0, 0x90,
    0xff, 0xff, 0xff, 0xa6, 0x84, 0x84, 0x84, 0x84,
    0x84, 0x7b, 0x90, 0xff, 0xff, 0xff, 0xff, 0xff,
    0xff, 0xff, 0xff, 0xff, 0xf0, 0x90, 0xff, 0xff,
    0xff, 0xff, 0xff, 0xff, 0xff, 0xff, 0xff, 0xf0,
    0x90, 0xff, 0xff, 0xff, 0xff, 0xff, 0xff, 0xff,
    0xff, 0xff, 0xf0,

    /* U+0046 "F" */
    0x90, 0xff, 0xff, 0xff, 0xff, 0xff, 0xff, 0xff,
    0xff, 0xff, 0xa0, 0x90, 0xff, 0xff, 0xff, 0xff,
    0xff, 0xff, 0xff, 0xff, 0xff, 0xa0, 0x90, 0xff,
    0xff, 0xff, 0xff, 0xff, 0xff, 0xff, 0xff, 0xff,
    0xa0, 0x90, 0xff, 0xff, 0xff, 0xa9, 0x88, 0x88,
    0x88, 0x88, 0x88, 0x55, 0x90, 0xff, 0xff, 0xff,
    0x48, 0x0, 0x0, 0x0, 0x0, 0x0, 0x0, 0x90,
    0xff, 0xff, 0xff, 0x48, 0x0, 0x0, 0x0, 0x0,
    0x0, 0x0, 0x90, 0xff, 0xff, 0xff, 0x48, 0x0,
    0x0, 0x0, 0x0, 0x0, 0x0, 0x90, 0xff, 0xff,
    0xff, 0x48, 0x0, 0x0, 0x0, 0x0, 0x0, 0x0,
    0x90, 0xff, 0xff, 0xff, 0x48, 0x0, 0x0, 0x0,
    0x0, 0x0, 0x0, 0x90, 0xff, 0xff, 0xff, 0x48,
    0x0, 0x0, 0x0, 0x0, 0x0, 0x0, 0x90, 0xff,
    0xff, 0xff, 0x48, 0x0, 0x0, 0x0, 0x0, 0x0,
    0x0, 0x90, 0xff, 0xff, 0xff, 0xff, 0xff, 0xff,
    0xff, 0xff, 0x40, 0x0, 0x90, 0xff, 0xff, 0xff,
    0xff, 0xff, 0xff, 0xff, 0xff, 0x40, 0x0, 0x90,
    0xff, 0xff, 0xff, 0xff, 0xff, 0xff, 0xff, 0xff,
    0x40, 0x0, 0x90, 0xff, 0xff, 0xff, 0xa9, 0x88,
    0x88, 0x88, 0x88, 0x22, 0x0, 0x90, 0xff, 0xff,
    0xff, 0x48, 0x0, 0x0, 0x0, 0x0, 0x0, 0x0,
    0x90, 0xff, 0xff, 0xff, 0x48, 0x0, 0x0, 0x0,
    0x0, 0x0, 0x0, 0x90, 0xff, 0xff, 0xff, 0x48,
    0x0, 0x0, 0x0, 0x0, 0x0, 0x0, 0x90, 0xff,
    0xff, 0xff, 0x48, 0x0, 0x0, 0x0, 0x0, 0x0,
    0x0, 0x90, 0xff, 0xff, 0xff, 0x48, 0x0, 0x0,
    0x0, 0x0, 0x0, 0x0, 0x90, 0xff, 0xff, 0xff,
    0x48, 0x0, 0x0, 0x0, 0x0, 0x0, 0x0, 0x90,
    0xff, 0xff, 0xff, 0x48, 0x0, 0x0, 0x0, 0x0,
    0x0, 0x0, 0x90, 0xff, 0xff, 0xff, 0x48, 0x0,
    0x0, 0x0, 0x0, 0x0, 0x0, 0x90, 0xff, 0xff,
    0xff, 0x48, 0x0, 0x0, 0x0, 0x0, 0x0, 0x0,
    0x90, 0xff, 0xff, 0xff, 0x48, 0x0, 0x0, 0x0,
    0x0, 0x0, 0x0,

    /* U+0047 "G" */
    0x0, 0x0, 0x25, 0x99, 0xdc, 0xf7, 0xf3, 0xd2,
    0x87, 0x15, 0x0, 0x0, 0x0, 0x48, 0xf5, 0xff,
    0xff, 0xff, 0xff, 0xff, 0xff, 0xe6, 0x2a, 0x0,
    0x13, 0xee, 0xff, 0xff, 0xff, 0xff, 0xff, 0xff,
    0xff, 0xff, 0xd4, 0x2, 0x73, 0xff, 0xff, 0xff,
    0xf5, 0x9b, 0x99, 0xf3, 0xff, 0xff, 0xff, 0x47,
    0xb3, 0xff, 0xff, 0xff, 0x50, 0x0, 0x0, 0x48,
    0xff, 0xff, 0xff, 0x84, 0xce, 0xff, 0xff, 0xff,
    0xc, 0x0, 0x0, 0x9, 0xff, 0xff, 0xff, 0x9c,
    0xd7, 0xff, 0xff, 0xff, 0x0, 0x0, 0x0, 0x0,
    0xff, 0xff, 0xff, 0xa4, 0xd8, 0xff, 0xff, 0xff,
    0x0, 0x0, 0x0, 0x0, 0xec, 0xec, 0xec, 0x97,
    0xd8, 0xff, 0xff, 0xff, 0x0, 0x0, 0x0, 0x0,
    0x0, 0x0, 0x0, 0x0, 0xd8, 0xff, 0xff, 0xff,
    0x0, 0x0, 0x0, 0x0, 0x0, 0x0, 0x0, 0x0,
    0xd8, 0xff, 0xff, 0xff, 0x0, 0x0, 0x7b, 0x84,
    0x84, 0x84, 0x84, 0x54, 0xd8, 0xff, 0xff, 0xff,
    0x0, 0x0, 0xf0, 0xff, 0xff, 0xff, 0xff, 0xa4,
    0xd8, 0xff, 0xff, 0xff, 0x0, 0x0, 0xf0, 0xff,
    0xff, 0xff, 0xff, 0xa4, 0xd8, 0xff, 0xff, 0xff,
    0x0, 0x0, 0xf0, 0xff, 0xff, 0xff, 0xff, 0xa4,
    0xd8, 0xff, 0xff, 0xff, 0x0, 0x0, 0x0, 0x0,
    0xff, 0xff, 0xff, 0xa4, 0xd8, 0xff, 0xff, 0xff,
    0x0, 0x0, 0x0, 0x0, 0xff, 0xff, 0xff, 0xa4,
    0xd8, 0xff, 0xff, 0xff, 0x0, 0x0, 0x0, 0x0,
    0xff, 0xff, 0xff, 0xa4, 0xd8, 0xff, 0xff, 0xff,
    0x0, 0x0, 0x0, 0x0, 0xff, 0xff, 0xff, 0xa4,
    0xd7, 0xff, 0xff, 0xff, 0x0, 0x0, 0x0, 0x0,
    0xff, 0xff, 0xff, 0xa3, 0xce, 0xff, 0xff, 0xff,
    0xb, 0x0, 0x0, 0xe, 0xff, 0xff, 0xff, 0x95,
    0xb2, 0xff, 0xff, 0xff, 0x50, 0x0, 0x0, 0x56,
    0xff, 0xff, 0xff, 0x75, 0x72, 0xff, 0xff, 0xff,
    0xf5, 0x9d, 0x9f, 0xf7, 0xff, 0xff, 0xff, 0x33,
    0x13, 0xee, 0xff, 0xff, 0xff, 0xff, 0xff, 0xff,
    0xff, 0xff, 0xbd, 0x0, 0x0, 0x48, 0xf5, 0xff,
    0xff, 0xff, 0xff, 0xff, 0xff, 0xdb, 0x1c, 0x0,
    0x0, 0x0, 0x26, 0x9a, 0xde, 0xf8, 0xf4, 0xd0,
    0x7f, 0xf, 0x0, 0x0,

    /* U+0048 "H" */
    0x90, 0xff, 0xff, 0xff, 0x48, 0x0, 0x0, 0x0,
    0x94, 0xff, 0xff, 0xff, 0x44, 0x90, 0xff, 0xff,
    0xff, 0x48, 0x0, 0x0, 0x0, 0x94, 0xff, 0xff,
    0xff, 0x44, 0x90, 0xff, 0xff, 0xff, 0x48, 0x0,
    0x0, 0x0, 0x94, 0xff, 0xff, 0xff, 0x44, 0x90,
    0xff, 0xff, 0xff, 0x48, 0x0, 0x0, 0x0, 0x94,
    0xff, 0xff, 0xff, 0x44, 0x90, 0xff, 0xff, 0xff,
    0x48, 0x0, 0x0, 0x0, 0x94, 0xff, 0xff, 0xff,
    0x44, 0x90, 0xff, 0xff, 0xff, 0x48, 0x0, 0x0,
    0x0, 0x94, 0xff, 0xff, 0xff, 0x44, 0x90, 0xff,
    0xff, 0xff, 0x48, 0x0, 0x0, 0x0, 0x94, 0xff,
    0xff, 0xff, 0x44, 0x90, 0xff, 0xff, 0xff, 0x48,
    0x0, 0x0, 0x0, 0x94, 0xff, 0xff, 0xff, 0x44,
    0x90, 0xff, 0xff, 0xff, 0x48, 0x0, 0x0, 0x0,
    0x94, 0xff, 0xff, 0xff, 0x44, 0x90, 0xff, 0xff,
    0xff, 0x48, 0x0, 0x0, 0x0, 0x94, 0xff, 0xff,
    0xff, 0x44, 0x90, 0xff, 0xff, 0xff, 0xa6, 0x84,
    0x84, 0x84, 0xcb, 0xff, 0xff, 0xff, 0x44, 0x90,
    0xff, 0xff, 0xff, 0xff, 0xff, 0xff, 0xff, 0xff,
    0xff, 0xff, 0xff, 0x44, 0x90, 0xff, 0xff, 0xff,
    0xff, 0xff, 0xff, 0xff, 0xff, 0xff, 0xff, 0xff,
    0x44, 0x90, 0xff, 0xff, 0xff, 0xff, 0xff, 0xff,
    0xff, 0xff, 0xff, 0xff, 0xff, 0x44, 0x90, 0xff,
    0xff, 0xff, 0x48, 0x0, 0x0, 0x0, 0x94, 0xff,
    0xff, 0xff, 0x44, 0x90, 0xff, 0xff, 0xff, 0x48,
    0x0, 0x0, 0x0, 0x94, 0xff, 0xff, 0xff, 0x44,
    0x90, 0xff, 0xff, 0xff, 0x48, 0x0, 0x0, 0x0,
    0x94, 0xff, 0xff, 0xff, 0x44, 0x90, 0xff, 0xff,
    0xff, 0x48, 0x0, 0x0, 0x0, 0x94, 0xff, 0xff,
    0xff, 0x44, 0x90, 0xff, 0xff, 0xff, 0x48, 0x0,
    0x0, 0x0, 0x94, 0xff, 0xff, 0xff, 0x44, 0x90,
    0xff, 0xff, 0xff, 0x48, 0x0, 0x0, 0x0, 0x94,
    0xff, 0xff, 0xff, 0x44, 0x90, 0xff, 0xff, 0xff,
    0x48, 0x0, 0x0, 0x0, 0x94, 0xff, 0xff, 0xff,
    0x44, 0x90, 0xff, 0xff, 0xff, 0x48, 0x0, 0x0,
    0x0, 0x94, 0xff, 0xff, 0xff, 0x44, 0x90, 0xff,
    0xff, 0xff, 0x48, 0x0, 0x0, 0x0, 0x94, 0xff,
    0xff, 0xff, 0x44, 0x90, 0xff, 0xff, 0xff, 0x48,
    0x0, 0x0, 0x0, 0x94, 0xff, 0xff, 0xff, 0x44,
    0x90, 0xff, 0xff, 0xff, 0x48, 0x0, 0x0, 0x0,
    0x94, 0xff, 0xff, 0xff, 0x44,

    /* U+0049 "I" */
    0x90, 0xff, 0xff, 0xff, 0x48, 0x90, 0xff, 0xff,
    0xff, 0x48, 0x90, 0xff, 0xff, 0xff, 0x48, 0x90,
    0xff, 0xff, 0xff, 0x48, 0x90, 0xff, 0xff, 0xff,
    0x48, 0x90, 0xff, 0xff, 0xff, 0x48, 0x90, 0xff,
    0xff, 0xff, 0x48, 0x90, 0xff, 0xff, 0xff, 0x48,
    0x90, 0xff, 0xff, 0xff, 0x48, 0x90, 0xff, 0xff,
    0xff, 0x48, 0x90, 0xff, 0xff, 0xff, 0x48, 0x90,
    0xff, 0xff, 0xff, 0x48, 0x90, 0xff, 0xff, 0xff,
    0x48, 0x90, 0xff, 0xff, 0xff, 0x48, 0x90, 0xff,
    0xff, 0xff, 0x48, 0x90, 0xff, 0xff, 0xff, 0x48,
    0x90, 0xff, 0xff, 0xff, 0x48, 0x90, 0xff, 0xff,
    0xff, 0x48, 0x90, 0xff, 0xff, 0xff, 0x48, 0x90,
    0xff, 0xff, 0xff, 0x48, 0x90, 0xff, 0xff, 0xff,
    0x48, 0x90, 0xff, 0xff, 0xff, 0x48, 0x90, 0xff,
    0xff, 0xff, 0x48, 0x90, 0xff, 0xff, 0xff, 0x48,
    0x90, 0xff, 0xff, 0xff, 0x48,

    /* U+004A "J" */
    0x0, 0x0, 0x0, 0x0, 0xe8, 0xff, 0xff, 0xf0,
    0x0, 0x0, 0x0, 0x0, 0xe8, 0xff, 0xff, 0xf0,
    0x0, 0x0, 0x0, 0x0, 0xe8, 0xff, 0xff, 0xf0,
    0x0, 0x0, 0x0, 0x0, 0xe8, 0xff, 0xff, 0xf0,
    0x0, 0x0, 0x0, 0x0, 0xe8, 0xff, 0xff, 0xf0,
    0x0, 0x0, 0x0, 0x0, 0xe8, 0xff, 0xff, 0xf0,
    0x0, 0x0, 0x0, 0x0, 0xe8, 0xff, 0xff, 0xf0,
    0x0, 0x0, 0x0, 0x0, 0xe8, 0xff, 0xff, 0xf0,
    0x0, 0x0, 0x0, 0x0, 0xe8, 0xff, 0xff, 0xf0,
    0x0, 0x0, 0x0, 0x0, 0xe8, 0xff, 0xff, 0xf0,
    0x0, 0x0, 0x0, 0x0, 0xe8, 0xff, 0xff, 0xf0,
    0x0, 0x0, 0x0, 0x0, 0xe8, 0xff, 0xff, 0xf0,
    0x0, 0x0, 0x0, 0x0, 0xe8, 0xff, 0xff, 0xf0,
    0x0, 0x0, 0x0, 0x0, 0xe8, 0xff, 0xff, 0xf0,
    0x0, 0x0, 0x0, 0x0, 0xe8, 0xff, 0xff, 0xf0,
    0x0, 0x0, 0x0, 0x0, 0xe8, 0xff, 0xff, 0xf0,
    0x0, 0x0, 0x0, 0x0, 0xe8, 0xff, 0xff, 0xf0,
    0x0, 0x0, 0x0, 0x0, 0xe8, 0xff, 0xff, 0xf0,
    0x0, 0x0, 0x0, 0x0, 0xe8, 0xff, 0xff, 0xef,
    0x0, 0x0, 0x0, 0x0, 0xf5, 0xff, 0xff, 0xe7,
    0x0, 0x0, 0x0, 0x41, 0xff, 0xff, 0xff, 0xd1,
    0x46, 0x8e, 0x9f, 0xf5, 0xff, 0xff, 0xff, 0x9a,
    0x70, 0xff, 0xff, 0xff, 0xff, 0xff, 0xff, 0x38,
    0x70, 0xff, 0xff, 0xff, 0xff, 0xff, 0x84, 0x0,
    0x63, 0xf6, 0xfb, 0xe9, 0xb4, 0x4b, 0x0, 0x0,

    /* U+004B "K" */
    0x90, 0xff, 0xff, 0xff, 0x48, 0x0, 0x0, 0x0,
    0x15, 0xf6, 0xff, 0xff, 0xc7, 0x0, 0x90, 0xff,
    0xff, 0xff, 0x48, 0x0, 0x0, 0x0, 0x83, 0xff,
    0xff, 0xff, 0x48, 0x0, 0x90, 0xff, 0xff, 0xff,
    0x48, 0x0, 0x0, 0xc, 0xee, 0xff, 0xff, 0xc7,
    0x0, 0x0, 0x90, 0xff, 0xff, 0xff, 0x48, 0x0,
    0x0, 0x72, 0xff, 0xff, 0xff, 0x48, 0x0, 0x0,
    0x90, 0xff, 0xff, 0xff, 0x48, 0x0, 0x5, 0xe3,
    0xff, 0xff, 0xc8, 0x0, 0x0, 0x0, 0x90, 0xff,
    0xff, 0xff, 0x48, 0x0, 0x60, 0xff, 0xff, 0xff,
    0x49, 0x0, 0x0, 0x0, 0x90, 0xff, 0xff, 0xff,
    0x48, 0x1, 0xd5, 0xff, 0xff, 0xc8, 0x0, 0x0,
    0x0, 0x0, 0x90, 0xff, 0xff, 0xff, 0x48, 0x4f,
    0xff, 0xff, 0xff, 0x49, 0x0, 0x0, 0x0, 0x0,
    0x90, 0xff, 0xff, 0xff, 0x48, 0xc5, 0xff, 0xff,
    0xc9, 0x0, 0x0, 0x0, 0x0, 0x0, 0x90, 0xff,
    0xff, 0xff, 0x85, 0xff, 0xff, 0xff, 0x8f, 0x0,
    0x0, 0x0, 0x0, 0x0, 0x90, 0xff, 0xff, 0xff,
    0xef, 0xff, 0xff, 0xff, 0xd7, 0x0, 0x0, 0x0,
    0x0, 0x0, 0x90, 0xff, 0xff, 0xff, 0xff, 0xff,
    0xff, 0xff, 0xff, 0x22, 0x0, 0x0, 0x0, 0x0,
    0x90, 0xff, 0xff, 0xff, 0xff, 0xff, 0xff, 0xff,
    0xff, 0x6e, 0x0, 0x0, 0x0, 0x0, 0x90, 0xff,
    0xff, 0xff, 0xff, 0xfe, 0xff, 0xff, 0xff, 0xb9,
    0x0, 0x0, 0x0, 0x0, 0x90, 0xff, 0xff, 0xff,
    0xff, 0x8b, 0xf4, 0xff, 0xff, 0xf8, 0xb, 0x0,
    0x0, 0x0, 0x90, 0xff, 0xff, 0xff, 0xf3, 0x13,
    0xb2, 0xff, 0xff, 0xff, 0x50, 0x0, 0x0, 0x0,
    0x90, 0xff, 0xff, 0xff, 0x89, 0x0, 0x67, 0xff,
    0xff, 0xff, 0x9b, 0x0, 0x0, 0x0, 0x90, 0xff,
    0xff, 0xff, 0x48, 0x0, 0x1d, 0xff, 0xff, 0xff,
    0xe5, 0x1, 0x0, 0x0, 0x90, 0xff, 0xff, 0xff,
    0x48, 0x0, 0x0, 0xd2, 0xff, 0xff, 0xff, 0x32,
    0x0, 0x0, 0x90, 0xff, 0xff, 0xff, 0x48, 0x0,
    0x0, 0x87, 0xff, 0xff, 0xff, 0x7d, 0x0, 0x0,
    0x90, 0xff, 0xff, 0xff, 0x48, 0x0, 0x0, 0x3c,
    0xff, 0xff, 0xff, 0xc8, 0x0, 0x0, 0x90, 0xff,
    0xff, 0xff, 0x48, 0x0, 0x0, 0x3, 0xee, 0xff,
    0xff, 0xfd, 0x16, 0x0, 0x90, 0xff, 0xff, 0xff,
    0x48, 0x0, 0x0, 0x0, 0xa7, 0xff, 0xff, 0xff,
    0x5f, 0x0, 0x90, 0xff, 0xff, 0xff, 0x48, 0x0,
    0x0, 0x0, 0x5c, 0xff, 0xff, 0xff, 0xaa, 0x0,
    0x90, 0xff, 0xff, 0xff, 0x48, 0x0, 0x0, 0x0,
    0x14, 0xfd, 0xff, 0xff, 0xf0, 0x5,

    /* U+004C "L" */
    0x90, 0xff, 0xff, 0xff, 0x48, 0x0, 0x0, 0x0,
    0x0, 0x0, 0x0, 0x90, 0xff, 0xff, 0xff, 0x48,
    0x0, 0x0, 0x0, 0x0, 0x0, 0x0, 0x90, 0xff,
    0xff, 0xff, 0x48, 0x0, 0x0, 0x0, 0x0, 0x0,
    0x0, 0x90, 0xff, 0xff, 0xff, 0x48, 0x0, 0x0,
    0x0, 0x0, 0x0, 0x0, 0x90, 0xff, 0xff, 0xff,
    0x48, 0x0, 0x0, 0x0, 0x0, 0x0, 0x0, 0x90,
    0xff, 0xff, 0xff, 0x48, 0x0, 0x0, 0x0, 0x0,
    0x0, 0x0, 0x90, 0xff, 0xff, 0xff, 0x48, 0x0,
    0x0, 0x0, 0x0, 0x0, 0x0, 0x90, 0xff, 0xff,
    0xff, 0x48, 0x0, 0x0, 0x0, 0x0, 0x0, 0x0,
    0x90, 0xff, 0xff, 0xff, 0x48, 0x0, 0x0, 0x0,
    0x0, 0x0, 0x0, 0x90, 0xff, 0xff, 0xff, 0x48,
    0x0, 0x0, 0x0, 0x0, 0x0, 0x0, 0x90, 0xff,
    0xff, 0xff, 0x48, 0x0, 0x0, 0x0, 0x0, 0x0,
    0x0, 0x90, 0xff, 0xff, 0xff, 0x48, 0x0, 0x0,
    0x0, 0x0, 0x0, 0x0, 0x90, 0xff, 0xff, 0xff,
    0x48, 0x0, 0x0, 0x0, 0x0, 0x0, 0x0, 0x90,
    0xff, 0xff, 0xff, 0x48, 0x0, 0x0, 0x0, 0x0,
    0x0, 0x0, 0x90, 0xff, 0xff, 0xff, 0x48, 0x0,
    0x0, 0x0, 0x0, 0x0, 0x0, 0x90, 0xff, 0xff,
    0xff, 0x48, 0x0, 0x0, 0x0, 0x0, 0x0, 0x0,
    0x90, 0xff, 0xff, 0xff, 0x48, 0x0, 0x0, 0x0,
    0x0, 0x0, 0x0, 0x90, 0xff, 0xff, 0xff, 0x48,
    0x0, 0x0, 0x0, 0x0, 0x0, 0x0, 0x90, 0xff,
    0xff, 0xff, 0x48, 0x0, 0x0, 0x0, 0x0, 0x0,
    0x0, 0x90, 0xff, 0xff, 0xff, 0x48, 0x0, 0x0,
    0x0, 0x0, 0x0, 0x0, 0x90, 0xff, 0xff, 0xff,
    0x48, 0x0, 0x0, 0x0, 0x0, 0x0, 0x0, 0x90,
    0xff, 0xff, 0xff, 0xa6, 0x84, 0x84, 0x84, 0x84,
    0x84, 0x52, 0x90, 0xff, 0xff, 0xff, 0xff, 0xff,
    0xff, 0xff, 0xff, 0xff, 0xa0, 0x90, 0xff, 0xff,
    0xff, 0xff, 0xff, 0xff, 0xff, 0xff, 0xff, 0xa0,
    0x90, 0xff, 0xff, 0xff, 0xff, 0xff, 0xff, 0xff,
    0xff, 0xff, 0xa0,

    /* U+004D "M" */
    0x90, 0xff, 0xff, 0xff, 0xff, 0xfc, 0x4, 0x0,
    0x0, 0x0, 0x2a, 0xff, 0xff, 0xff, 0xff, 0xff,
    0x64, 0x90, 0xff, 0xff, 0xff, 0xff, 0xff, 0x23,
    0x0, 0x0, 0x0, 0x4d, 0xff, 0xff, 0xff, 0xff,
    0xff, 0x64, 0x90, 0xff, 0xff, 0xff, 0xff, 0xff,
    0x46, 0x0, 0x0, 0x0, 0x70, 0xff, 0xff, 0xff,
    0xff, 0xff, 0x64, 0x90, 0xff, 0xff, 0xff, 0xff,
    0xff, 0x69, 0x0, 0x0, 0x0, 0x93, 0xff, 0xff,
    0xff, 0xff, 0xff, 0x64, 0x90, 0xff, 0xff, 0xff,
    0xff, 0xff, 0x8c, 0x0, 0x0, 0x0, 0xb6, 0xff,
    0xff, 0xff, 0xff, 0xff, 0x64, 0x90, 0xff, 0xff,
    0xff, 0xff, 0xff, 0xaf, 0x0, 0x0, 0x0, 0xd9,
    0xff, 0xff, 0xff, 0xff, 0xff, 0x64, 0x90, 0xff,
    0xff, 0xe1, 0xff, 0xff, 0xd2, 0x0, 0x0, 0x2,
    0xf9, 0xff, 0xe1, 0xff, 0xff, 0xff, 0x64, 0x90,
    0xff, 0xff, 0xcc, 0xee, 0xff, 0xf4, 0x0, 0x0,
    0x1f, 0xff, 0xff, 0xba, 0xff, 0xff, 0xff, 0x64,
    0x90, 0xff, 0xff, 0xcc, 0xc8, 0xff, 0xff, 0x18,
    0x0, 0x42, 0xff, 0xff, 0x94, 0xff, 0xff, 0xff,
    0x64, 0x90, 0xff, 0xff, 0xcc, 0xa2, 0xff, 0xff,
    0x3a, 0x0, 0x66, 0xff, 0xff, 0x6e, 0xff, 0xff,
    0xff, 0x64, 0x90, 0xff, 0xff, 0xcc, 0x7c, 0xff,
    0xff, 0x5d, 0x0, 0x89, 0xff, 0xfe, 0x49, 0xff,
    0xff, 0xff, 0x64, 0x90, 0xff, 0xff, 0xcc, 0x56,
    0xff, 0xff, 0x80, 0x0, 0xac, 0xff, 0xe2, 0x40,
    0xff, 0xff, 0xff, 0x64, 0x90, 0xff, 0xff, 0xcc,
    0x30, 0xff, 0xff, 0xa3, 0x0, 0xcf, 0xff, 0xbc,
    0x40, 0xff, 0xff, 0xff, 0x64, 0x90, 0xff, 0xff,
    0xcc, 0xa, 0xfe, 0xff, 0xc6, 0x0, 0xf2, 0xff,
    0x97, 0x40, 0xff, 0xff, 0xff, 0x64, 0x90, 0xff,
    0xff, 0xcc, 0x0, 0xe4, 0xff, 0xe9, 0x15, 0xff,
    0xff, 0x71, 0x40, 0xff, 0xff, 0xff, 0x64, 0x90,
    0xff, 0xff, 0xcc, 0x0, 0xbe, 0xff, 0xff, 0x45,
    0xff, 0xff, 0x4b, 0x40, 0xff, 0xff, 0xff, 0x64,
    0x90, 0xff, 0xff, 0xcc, 0x0, 0x98, 0xff, 0xff,
    0x8a, 0xff, 0xff, 0x25, 0x40, 0xff, 0xff, 0xff,
    0x64, 0x90, 0xff, 0xff, 0xcc, 0x0, 0x72, 0xff,
    0xff, 0xd2, 0xff, 0xfa, 0x4, 0x40, 0xff, 0xff,
    0xff, 0x64, 0x90, 0xff, 0xff, 0xcc, 0x0, 0x4c,
    0xff, 0xff, 0xff, 0xff, 0xd9, 0x0, 0x40, 0xff,
    0xff, 0xff, 0x64, 0x90, 0xff, 0xff, 0xcc, 0x0,
    0x26, 0xff, 0xff, 0xff, 0xff, 0xb4, 0x0, 0x40,
    0xff, 0xff, 0xff, 0x64, 0x90, 0xff, 0xff, 0xcc,
    0x0, 0x4, 0xfb, 0xff, 0xff, 0xff, 0x8e, 0x0,
    0x40, 0xff, 0xff, 0xff, 0x64, 0x90, 0xff, 0xff,
    0xcc, 0x0, 0x0, 0xda, 0xff, 0xff, 0xff, 0x68,
    0x0, 0x40, 0xff, 0xff, 0xff, 0x64, 0x90, 0xff,
    0xff, 0xcc, 0x0, 0x0, 0xb4, 0xff, 0xff, 0xff,
    0x42, 0x0, 0x40, 0xff, 0xff, 0xff, 0x64, 0x90,
    0xff, 0xff, 0xcc, 0x0, 0x0, 0x8e, 0xff, 0xff,
    0xff, 0x1c, 0x0, 0x40, 0xff, 0xff, 0xff, 0x64,
    0x90, 0xff, 0xff, 0xcc, 0x0, 0x0, 0x67, 0xff,
    0xff, 0xf5, 0x1, 0x0, 0x40, 0xff, 0xff, 0xff,
    0x64,

    /* U+004E "N" */
    0x90, 0xff, 0xff, 0xff, 0xff, 0x63, 0x0, 0x0,
    0x0, 0xec, 0xff, 0xff, 0x84, 0x90, 0xff, 0xff,
    0xff, 0xff, 0xa4, 0x0, 0x0, 0x0, 0xec, 0xff,
    0xff, 0x84, 0x90, 0xff, 0xff, 0xff, 0xff, 0xe3,
    0x0, 0x0, 0x0, 0xec, 0xff, 0xff, 0x84, 0x90,
    0xff, 0xff, 0xff, 0xff, 0xff, 0x24, 0x0, 0x0,
    0xec, 0xff, 0xff, 0x84, 0x90, 0xff, 0xff, 0xff,
    0xff, 0xff, 0x64, 0x0, 0x0, 0xec, 0xff, 0xff,
    0x84, 0x90, 0xff, 0xff, 0xff, 0xff, 0xff, 0xa4,
    0x0, 0x0, 0xec, 0xff, 0xff, 0x84, 0x90, 0xff,
    0xff, 0xf9, 0xff, 0xff, 0xe4, 0x0, 0x0, 0xec,
    0xff, 0xff, 0x84, 0x90, 0xff, 0xff, 0xdc, 0xdf,
    0xff, 0xff, 0x24, 0x0, 0xec, 0xff, 0xff, 0x84,
    0x90, 0xff, 0xff, 0xdc, 0x9f, 0xff, 0xff, 0x65,
    0x0, 0xec, 0xff, 0xff, 0x84, 0x90, 0xff, 0xff,
    0xdc, 0x5e, 0xff, 0xff, 0xa5, 0x0, 0xec, 0xff,
    0xff, 0x84, 0x90, 0xff, 0xff, 0xdc, 0x1d, 0xff,
    0xff, 0xe4, 0x0, 0xec, 0xff, 0xff, 0x84, 0x90,
    0xff, 0xff, 0xdc, 0x0, 0xdc, 0xff, 0xff, 0x25,
    0xec, 0xff, 0xff, 0x84, 0x90, 0xff, 0xff, 0xdc,
    0x0, 0x9b, 0xff, 0xff, 0x65, 0xec, 0xff, 0xff,
    0x84, 0x90, 0xff, 0xff, 0xdc, 0x0, 0x5a, 0xff,
    0xff, 0xa5, 0xec, 0xff, 0xff, 0x84, 0x90, 0xff,
    0xff, 0xdc, 0x0, 0x19, 0xff, 0xff, 0xe5, 0xec,
    0xff, 0xff, 0x84, 0x90, 0xff, 0xff, 0xdc, 0x0,
    0x0, 0xd8, 0xff, 0xff, 0xff, 0xff, 0xff, 0x84,
    0x90, 0xff, 0xff, 0xdc, 0x0, 0x0, 0x98, 0xff,
    0xff, 0xff, 0xff, 0xff, 0x84, 0x90, 0xff, 0xff,
    0xdc, 0x0, 0x0, 0x57, 0xff, 0xff, 0xff, 0xff,
    0xff, 0x84, 0x90, 0xff, 0xff, 0xdc, 0x0, 0x0,
    0x16, 0xff, 0xff, 0xff, 0xff, 0xff, 0x84, 0x90,
    0xff, 0xff, 0xdc, 0x0, 0x0, 0x0, 0xd5, 0xff,
    0xff, 0xff, 0xff, 0x84, 0x90, 0xff, 0xff, 0xdc,
    0x0, 0x0, 0x0, 0x94, 0xff, 0xff, 0xff, 0xff,
    0x84, 0x90, 0xff, 0xff, 0xdc, 0x0, 0x0, 0x0,
    0x53, 0xff, 0xff, 0xff, 0xff, 0x84, 0x90, 0xff,
    0xff, 0xdc, 0x0, 0x0, 0x0, 0x13, 0xfe, 0xff,
    0xff, 0xff, 0x84, 0x90, 0xff, 0xff, 0xdc, 0x0,
    0x0, 0x0, 0x0, 0xd1, 0xff, 0xff, 0xff, 0x84,
    0x90, 0xff, 0xff, 0xdc, 0x0, 0x0, 0x0, 0x0,
    0x90, 0xff, 0xff, 0xff, 0x84,

    /* U+004F "O" */
    0x0, 0x0, 0x1e, 0x92, 0xd8, 0xf5, 0xf6, 0xd8,
    0x91, 0x1d, 0x0, 0x0, 0x0, 0x3f, 0xf1, 0xff,
    0xff, 0xff, 0xff, 0xff, 0xff, 0xef, 0x3d, 0x0,
    0xf, 0xea, 0xff, 0xff, 0xff, 0xff, 0xff, 0xff,
    0xff, 0xff, 0xe9, 0xe, 0x6f, 0xff, 0xff, 0xff,
    0xf5, 0x9b, 0x9b, 0xf5, 0xff, 0xff, 0xff, 0x6e,
    0xb1, 0xff, 0xff, 0xff, 0x50, 0x0, 0x0, 0x50,
    0xff, 0xff, 0xff, 0xaf, 0xce, 0xff, 0xff, 0xff,
    0xc, 0x0, 0x0, 0xc, 0xff, 0xff, 0xff, 0xcd,
    0xd7, 0xff, 0xff, 0xff, 0x0, 0x0, 0x0, 0x0,
    0xff, 0xff, 0xff, 0xd7, 0xd8, 0xff, 0xff, 0xff,
    0x0, 0x0, 0x0, 0x0, 0xff, 0xff, 0xff, 0xd8,
    0xd8, 0xff, 0xff, 0xff, 0x0, 0x0, 0x0, 0x0,
    0xff, 0xff, 0xff, 0xd8, 0xd8, 0xff, 0xff, 0xff,
    0x0, 0x0, 0x0, 0x0, 0xff, 0xff, 0xff, 0xd8,
    0xd8, 0xff, 0xff, 0xff, 0x0, 0x0, 0x0, 0x0,
    0xff, 0xff, 0xff, 0xd8, 0xd8, 0xff, 0xff, 0xff,
    0x0, 0x0, 0x0, 0x0, 0xff, 0xff, 0xff, 0xd8,
    0xd8, 0xff, 0xff, 0xff, 0x0, 0x0, 0x0, 0x0,
    0xff, 0xff, 0xff, 0xd8, 0xd8, 0xff, 0xff, 0xff,
    0x0, 0x0, 0x0, 0x0, 0xff, 0xff, 0xff, 0xd8,
    0xd8, 0xff, 0xff, 0xff, 0x0, 0x0, 0x0, 0x0,
    0xff, 0xff, 0xff, 0xd8, 0xd8, 0xff, 0xff, 0xff,
    0x0, 0x0, 0x0, 0x0, 0xff, 0xff, 0xff, 0xd8,
    0xd8, 0xff, 0xff, 0xff, 0x0, 0x0, 0x0, 0x0,
    0xff, 0xff, 0xff, 0xd8, 0xd8, 0xff, 0xff, 0xff,
    0x0, 0x0, 0x0, 0x0, 0xff, 0xff, 0xff, 0xd8,
    0xd7, 0xff, 0xff, 0xff, 0x0, 0x0, 0x0, 0x0,
    0xff, 0xff, 0xff, 0xd7, 0xce, 0xff, 0xff, 0xff,
    0xc, 0x0, 0x0, 0xc, 0xff, 0xff, 0xff, 0xcc,
    0xb0, 0xff, 0xff, 0xff, 0x52, 0x0, 0x0, 0x52,
    0xff, 0xff, 0xff, 0xaf, 0x6f, 0xff, 0xff, 0xff,
    0xf6, 0x9e, 0x9e, 0xf6, 0xff, 0xff, 0xff, 0x6d,
    0xf, 0xea, 0xff, 0xff, 0xff, 0xff, 0xff, 0xff,
    0xff, 0xff, 0xe8, 0xe, 0x0, 0x40, 0xf1, 0xff,
    0xff, 0xff, 0xff, 0xff, 0xff, 0xf0, 0x3d, 0x0,
    0x0, 0x0, 0x1f, 0x92, 0xd9, 0xf7, 0xf7, 0xd9,
    0x92, 0x1e, 0x0, 0x0,

    /* U+0050 "P" */
    0x90, 0xff, 0xff, 0xff, 0xff, 0xff, 0xf7, 0xdd,
    0x9c, 0x28, 0x0, 0x0, 0x90, 0xff, 0xff, 0xff,
    0xff, 0xff, 0xff, 0xff, 0xff, 0xf7, 0x4b, 0x0,
    0x90, 0xff, 0xff, 0xff, 0xff, 0xff, 0xff, 0xff,
    0xff, 0xff, 0xef, 0x13, 0x90, 0xff, 0xff, 0xff,
    0xa9, 0x88, 0x99, 0xf1, 0xff, 0xff, 0xff, 0x71,
    0x90, 0xff, 0xff, 0xff, 0x48, 0x0, 0x0, 0x49,
    0xff, 0xff, 0xff, 0xaf, 0x90, 0xff, 0xff, 0xff,
    0x48, 0x0, 0x0, 0xc, 0xff, 0xff, 0xff, 0xcc,
    0x90, 0xff, 0xff, 0xff, 0x48, 0x0, 0x0, 0x0,
    0xff, 0xff, 0xff, 0xd7, 0x90, 0xff, 0xff, 0xff,
    0x48, 0x0, 0x0, 0x0, 0xff, 0xff, 0xff, 0xd8,
    0x90, 0xff, 0xff, 0xff, 0x48, 0x0, 0x0, 0x0,
    0xff, 0xff, 0xff, 0xd7, 0x90, 0xff, 0xff, 0xff,
    0x48, 0x0, 0x0, 0xd, 0xff, 0xff, 0xff, 0xcc,
    0x90, 0xff, 0xff, 0xff, 0x48, 0x0, 0x0, 0x49,
    0xff, 0xff, 0xff, 0xaf, 0x90, 0xff, 0xff, 0xff,
    0xa9, 0x88, 0x99, 0xf1, 0xff, 0xff, 0xff, 0x70,
    0x90, 0xff, 0xff, 0xff, 0xff, 0xff, 0xff, 0xff,
    0xff, 0xff, 0xef, 0x13, 0x90, 0xff, 0xff, 0xff,
    0xff, 0xff, 0xff, 0xff, 0xff, 0xf7, 0x4b, 0x0,
    0x90, 0xff, 0xff, 0xff, 0xff, 0xff, 0xf8, 0xdf,
    0x9d, 0x29, 0x0, 0x0, 0x90, 0xff, 0xff, 0xff,
    0x48, 0x0, 0x0, 0x0, 0x0, 0x0, 0x0, 0x0,
    0x90, 0xff, 0xff, 0xff, 0x48, 0x0, 0x0, 0x0,
    0x0, 0x0, 0x0, 0x0, 0x90, 0xff, 0xff, 0xff,
    0x48, 0x0, 0x0, 0x0, 0x0, 0x0, 0x0, 0x0,
    0x90, 0xff, 0xff, 0xff, 0x48, 0x0, 0x0, 0x0,
    0x0, 0x0, 0x0, 0x0, 0x90, 0xff, 0xff, 0xff,
    0x48, 0x0, 0x0, 0x0, 0x0, 0x0, 0x0, 0x0,
    0x90, 0xff, 0xff, 0xff, 0x48, 0x0, 0x0, 0x0,
    0x0, 0x0, 0x0, 0x0, 0x90, 0xff, 0xff, 0xff,
    0x48, 0x0, 0x0, 0x0, 0x0, 0x0, 0x0, 0x0,
    0x90, 0xff, 0xff, 0xff, 0x48, 0x0, 0x0, 0x0,
    0x0, 0x0, 0x0, 0x0, 0x90, 0xff, 0xff, 0xff,
    0x48, 0x0, 0x0, 0x0, 0x0, 0x0, 0x0, 0x0,
    0x90, 0xff, 0xff, 0xff, 0x48, 0x0, 0x0, 0x0,
    0x0, 0x0, 0x0, 0x0,

    /* U+0051 "Q" */
    0x0, 0x0, 0x1e, 0x92, 0xd8, 0xf5, 0xf6, 0xd8,
    0x91, 0x1d, 0x0, 0x0, 0x0, 0x0, 0x3f, 0xf1,
    0xff, 0xff, 0xff, 0xff, 0xff, 0xff, 0xef, 0x3d,
    0x0, 0x0, 0xf, 0xea, 0xff, 0xff, 0xff, 0xff,
    0xff, 0xff, 0xff, 0xff, 0xe8, 0xe, 0x0, 0x6f,
    0xff, 0xff, 0xff, 0xf5, 0x9b, 0x9b, 0xf5, 0xff,
    0xff, 0xff, 0x6d, 0x0, 0xb1, 0xff, 0xff, 0xff,
    0x50, 0x0, 0x0, 0x50, 0xff, 0xff, 0xff, 0xaf,
    0x0, 0xce, 0xff, 0xff, 0xff, 0xc, 0x0, 0x0,
    0xc, 0xff, 0xff, 0xff, 0xcc, 0x0, 0xd7, 0xff,
    0xff, 0xff, 0x0, 0x0, 0x0, 0x0, 0xff, 0xff,
    0xff, 0xd7, 0x0, 0xd8, 0xff, 0xff, 0xff, 0x0,
    0x0, 0x0, 0x0, 0xff, 0xff, 0xff, 0xd8, 0x0,
    0xd8, 0xff, 0xff, 0xff, 0x0, 0x0, 0x0, 0x0,
    0xff, 0xff, 0xff, 0xd8, 0x0, 0xd8, 0xff, 0xff,
    0xff, 0x0, 0x0, 0x0, 0x0, 0xff, 0xff, 0xff,
    0xd8, 0x0, 0xd8, 0xff, 0xff, 0xff, 0x0, 0x0,
    0x0, 0x0, 0xff, 0xff, 0xff, 0xd8, 0x0, 0xd8,
    0xff, 0xff, 0xff, 0x0, 0x0, 0x0, 0x0, 0xff,
    0xff, 0xff, 0xd8, 0x0, 0xd8, 0xff, 0xff, 0xff,
    0x0, 0x0, 0x0, 0x0, 0xff, 0xff, 0xff, 0xd8,
    0x0, 0xd8, 0xff, 0xff, 0xff, 0x0, 0x0, 0x0,
    0x0, 0xff, 0xff, 0xff, 0xd8, 0x0, 0xd8, 0xff,
    0xff, 0xff, 0x0, 0x0, 0x0, 0x0, 0xff, 0xff,
    0xff, 0xd8, 0x0, 0xd8, 0xff, 0xff, 0xff, 0x0,
    0x0, 0x0, 0x0, 0xff, 0xff, 0xff, 0xd8, 0x0,
    0xd8, 0xff, 0xff, 0xff, 0x0, 0x0, 0x0, 0x0,
    0xff, 0xff, 0xff, 0xd8, 0x0, 0xd8, 0xff, 0xff,
    0xff, 0x0, 0x0, 0x0, 0x0, 0xff, 0xff, 0xff,
    0xd8, 0x0, 0xd7, 0xff, 0xff, 0xff, 0x0, 0x0,
    0x0, 0x0, 0xff, 0xff, 0xff, 0xd7, 0x0, 0xce,
    0xff, 0xff, 0xff, 0xc, 0x0, 0x0, 0xc, 0xff,
    0xff, 0xff, 0xce, 0x0, 0xb0, 0xff, 0xff, 0xff,
    0x52, 0x0, 0x0, 0x52, 0xff, 0xff, 0xff, 0xb0,
    0x0, 0x6f, 0xff, 0xff, 0xff, 0xf6, 0x9e, 0x9e,
    0xf6, 0xff, 0xff, 0xff, 0x6e, 0x0, 0xf, 0xea,
    0xff, 0xff, 0xff, 0xff, 0xff, 0xff, 0xff, 0xff,
    0xee, 0x10, 0x0, 0x0, 0x40, 0xf1, 0xff, 0xff,
    0xff, 0xff, 0xff, 0xff, 0xff, 0xfb, 0x9c, 0x6c,
    0x0, 0x0, 0x1f, 0x92, 0xd9, 0xf7, 0xf7, 0xda,
    0xc7, 0xff, 0xff, 0xff, 0xcc, 0x0, 0x0, 0x0,
    0x0, 0x0, 0x0, 0x0, 0x0, 0x18, 0xf3, 0xff,
    0xff, 0xcc, 0x0, 0x0, 0x0, 0x0, 0x0, 0x0,
    0x0, 0x0, 0x0, 0x3b, 0xc6, 0xf6, 0xcc,

    /* U+0052 "R" */
    0x90, 0xff, 0xff, 0xff, 0xff, 0xff, 0xf9, 0xe4,
    0xad, 0x42, 0x0, 0x0, 0x0, 0x90, 0xff, 0xff,
    0xff, 0xff, 0xff, 0xff, 0xff, 0xff, 0xff, 0x77,
    0x0, 0x0, 0x90, 0xff, 0xff, 0xff, 0xff, 0xff,
    0xff, 0xff, 0xff, 0xff, 0xfd, 0x2c, 0x0, 0x90,
    0xff, 0xff, 0xff, 0xa9, 0x88, 0x9e, 0xf7, 0xff,
    0xff, 0xff, 0x8a, 0x0, 0x90, 0xff, 0xff, 0xff,
    0x48, 0x0, 0x0, 0x5a, 0xff, 0xff, 0xff, 0xbd,
    0x0, 0x90, 0xff, 0xff, 0xff, 0x48, 0x0, 0x0,
    0x12, 0xff, 0xff, 0xff, 0xd1, 0x0, 0x90, 0xff,
    0xff, 0xff, 0x48, 0x0, 0x0, 0x0, 0xff, 0xff,
    0xff, 0xd8, 0x0, 0x90, 0xff, 0xff, 0xff, 0x48,
    0x0, 0x0, 0x0, 0xff, 0xff, 0xff, 0xd4, 0x0,
    0x90, 0xff, 0xff, 0xff, 0x48, 0x0, 0x0, 0x8,
    0xff, 0xff, 0xff, 0xbf, 0x0, 0x90, 0xff, 0xff,
    0xff, 0x48, 0x0, 0x0, 0x30, 0xff, 0xff, 0xff,
    0x98, 0x0, 0x90, 0xff, 0xff, 0xff, 0x48, 0x1,
    0x25, 0xbf, 0xff, 0xff, 0xff, 0x43, 0x0, 0x90,
    0xff, 0xff, 0xff, 0xff, 0xff, 0xff, 0xff, 0xff,
    0xff, 0x9b, 0x0, 0x0, 0x90, 0xff, 0xff, 0xff,
    0xff, 0xff, 0xff, 0xff, 0xff, 0xae, 0x1, 0x0,
    0x0, 0x90, 0xff, 0xff, 0xff, 0xff, 0xff, 0xff,
    0xff, 0xff, 0xff, 0xb3, 0x1, 0x0, 0x90, 0xff,
    0xff, 0xff, 0xa9, 0x8a, 0xad, 0xfc, 0xff, 0xff,
    0xff, 0x57, 0x0, 0x90, 0xff, 0xff, 0xff, 0x48,
    0x0, 0x0, 0x5e, 0xff, 0xff, 0xff, 0xa4, 0x0,
    0x90, 0xff, 0xff, 0xff, 0x48, 0x0, 0x0, 0xc,
    0xff, 0xff, 0xff, 0xc8, 0x0, 0x90, 0xff, 0xff,
    0xff, 0x48, 0x0, 0x0, 0x0, 0xf9, 0xff, 0xff,
    0xda, 0x0, 0x90, 0xff, 0xff, 0xff, 0x48, 0x0,
    0x0, 0x0, 0xf8, 0xff, 0xff, 0xe0, 0x0, 0x90,
    0xff, 0xff, 0xff, 0x48, 0x0, 0x0, 0x0, 0xf8,
    0xff, 0xff, 0xe0, 0x0, 0x90, 0xff, 0xff, 0xff,
    0x48, 0x0, 0x0, 0x0, 0xf8, 0xff, 0xff, 0xe0,
    0x0, 0x90, 0xff, 0xff, 0xff, 0x48, 0x0, 0x0,
    0x0, 0xf8, 0xff, 0xff, 0xe0, 0x0, 0x90, 0xff,
    0xff, 0xff, 0x48, 0x0, 0x0, 0x0, 0xf7, 0xff,
    0xff, 0xe2, 0x0, 0x90, 0xff, 0xff, 0xff, 0x48,
    0x0, 0x0, 0x0, 0xed, 0xff, 0xff, 0xee, 0x0,
    0x90, 0xff, 0xff, 0xff, 0x48, 0x0, 0x0, 0x0,
    0xc0, 0xff, 0xff, 0xff, 0x28,

    /* U+0053 "S" */
    0x0, 0x0, 0x0, 0x4a, 0xb3, 0xe8, 0xfa, 0xec,
    0xbb, 0x58, 0x0, 0x0, 0x0, 0x0, 0x0, 0x8e,
    0xff, 0xff, 0xff, 0xff, 0xff, 0xff, 0xff, 0x9e,
    0x0, 0x0, 0x0, 0x53, 0xff, 0xff, 0xff, 0xff,
    0xff, 0xff, 0xff, 0xff, 0xff, 0x5d, 0x0, 0x0,
    0xc5, 0xff, 0xff, 0xff, 0xd6, 0x8f, 0xbf, 0xff,
    0xff, 0xff, 0xcc, 0x0, 0x8, 0xfb, 0xff, 0xff,
    0xed, 0xd, 0x0, 0x0, 0xbf, 0xff, 0xff, 0xfd,
    0xc, 0x1f, 0xff, 0xff, 0xff, 0xba, 0x0, 0x0,
    0x0, 0x80, 0xff, 0xff, 0xff, 0x25, 0x19, 0xff,
    0xff, 0xff, 0xc7, 0x0, 0x0, 0x0, 0x74, 0xff,
    0xff, 0xff, 0x2f, 0x1, 0xf9, 0xff, 0xff, 0xf6,
    0x14, 0x0, 0x0, 0x10, 0x24, 0x24, 0x24, 0x6,
    0x0, 0xbc, 0xff, 0xff, 0xff, 0x90, 0x0, 0x0,
    0x0, 0x0, 0x0, 0x0, 0x0, 0x0, 0x56, 0xff,
    0xff, 0xff, 0xff, 0x61, 0x0, 0x0, 0x0, 0x0,
    0x0, 0x0, 0x0, 0x1, 0xc2, 0xff, 0xff, 0xff,
    0xfd, 0x66, 0x0, 0x0, 0x0, 0x0, 0x0, 0x0,
    0x0, 0x18, 0xe1, 0xff, 0xff, 0xff, 0xff, 0x7d,
    0x0, 0x0, 0x0, 0x0, 0x0, 0x0, 0x0, 0x24,
    0xe3, 0xff, 0xff, 0xff, 0xff, 0x85, 0x0, 0x0,
    0x0, 0x0, 0x0, 0x0, 0x0, 0x1e, 0xd7, 0xff,
    0xff, 0xff, 0xff, 0x68, 0x0, 0x0, 0x0, 0x0,
    0x0, 0x0, 0x0, 0x13, 0xce, 0xff, 0xff, 0xff,
    0xf7, 0x25, 0x0, 0x0, 0x0, 0x0, 0x0, 0x0,
    0x0, 0x14, 0xdd, 0xff, 0xff, 0xff, 0x94, 0x0,
    0x0, 0x0, 0x0, 0x0, 0x0, 0x0, 0x0, 0x41,
    0xff, 0xff, 0xff, 0xed, 0x3, 0x1f, 0x88, 0x88,
    0x88, 0x37, 0x0, 0x0, 0x0, 0xd6, 0xff, 0xff,
    0xff, 0x1b, 0x3b, 0xff, 0xff, 0xff, 0x68, 0x0,
    0x0, 0x0, 0xa9, 0xff, 0xff, 0xff, 0x36, 0x32,
    0xff, 0xff, 0xff, 0x73, 0x0, 0x0, 0x0, 0xa5,
    0xff, 0xff, 0xff, 0x34, 0x16, 0xff, 0xff, 0xff,
    0xb7, 0x0, 0x0, 0x7, 0xe1, 0xff, 0xff, 0xff,
    0x17, 0x0, 0xd7, 0xff, 0xff, 0xff, 0xc1, 0x92,
    0xd3, 0xff, 0xff, 0xff, 0xd6, 0x0, 0x0, 0x67,
    0xff, 0xff, 0xff, 0xff, 0xff, 0xff, 0xff, 0xff,
    0xff, 0x63, 0x0, 0x0, 0x1, 0xa6, 0xff, 0xff,
    0xff, 0xff, 0xff, 0xff, 0xff, 0x9d, 0x0, 0x0,
    0x0, 0x0, 0x1, 0x5b, 0xbd, 0xed, 0xfb, 0xeb,
    0xb7, 0x52, 0x0, 0x0, 0x0,

    /* U+0054 "T" */
    0x94, 0xff, 0xff, 0xff, 0xff, 0xff, 0xff, 0xff,
    0xff, 0xff, 0xff, 0xff, 0x50, 0x94, 0xff, 0xff,
    0xff, 0xff, 0xff, 0xff, 0xff, 0xff, 0xff, 0xff,
    0xff, 0x50, 0x94, 0xff, 0xff, 0xff, 0xff, 0xff,
    0xff, 0xff, 0xff, 0xff, 0xff, 0xff, 0x50, 0x4e,
    0x88, 0x88, 0x88, 0xcb, 0xff, 0xff, 0xff, 0xab,
    0x88, 0x88, 0x88, 0x2a, 0x0, 0x0, 0x0, 0x0,
    0x90, 0xff, 0xff, 0xff, 0x4c, 0x0, 0x0, 0x0,
    0x0, 0x0, 0x0, 0x0, 0x0, 0x90, 0xff, 0xff,
    0xff, 0x4c, 0x0, 0x0, 0x0, 0x0, 0x0, 0x0,
    0x0, 0x0, 0x90, 0xff, 0xff, 0xff, 0x4c, 0x0,
    0x0, 0x0, 0x0, 0x0, 0x0, 0x0, 0x0, 0x90,
    0xff, 0xff, 0xff, 0x4c, 0x0, 0x0, 0x0, 0x0,
    0x0, 0x0, 0x0, 0x0, 0x90, 0xff, 0xff, 0xff,
    0x4c, 0x0, 0x0, 0x0, 0x0, 0x0, 0x0, 0x0,
    0x0, 0x90, 0xff, 0xff, 0xff, 0x4c, 0x0, 0x0,
    0x0, 0x0, 0x0, 0x0, 0x0, 0x0, 0x90, 0xff,
    0xff, 0xff, 0x4c, 0x0, 0x0, 0x0, 0x0, 0x0,
    0x0, 0x0, 0x0, 0x90, 0xff, 0xff, 0xff, 0x4c,
    0x0, 0x0, 0x0, 0x0, 0x0, 0x0, 0x0, 0x0,
    0x90, 0xff, 0xff, 0xff, 0x4c, 0x0, 0x0, 0x0,
    0x0, 0x0, 0x0, 0x0, 0x0, 0x90, 0xff, 0xff,
    0xff, 0x4c, 0x0, 0x0, 0x0, 0x0, 0x0, 0x0,
    0x0, 0x0, 0x90, 0xff, 0xff, 0xff, 0x4c, 0x0,
    0x0, 0x0, 0x0, 0x0, 0x0, 0x0, 0x0, 0x90,
    0xff, 0xff, 0xff, 0x4c, 0x0, 0x0, 0x0, 0x0,
    0x0, 0x0, 0x0, 0x0, 0x90, 0xff, 0xff, 0xff,
    0x4c, 0x0, 0x0, 0x0, 0x0, 0x0, 0x0, 0x0,
    0x0, 0x90, 0xff, 0xff, 0xff, 0x4c, 0x0, 0x0,
    0x0, 0x0, 0x0, 0x0, 0x0, 0x0, 0x90, 0xff,
    0xff, 0xff, 0x4c, 0x0, 0x0, 0x0, 0x0, 0x0,
    0x0, 0x0, 0x0, 0x90, 0xff, 0xff, 0xff, 0x4c,
    0x0, 0x0, 0x0, 0x0, 0x0, 0x0, 0x0, 0x0,
    0x90, 0xff, 0xff, 0xff, 0x4c, 0x0, 0x0, 0x0,
    0x0, 0x0, 0x0, 0x0, 0x0, 0x90, 0xff, 0xff,
    0xff, 0x4c, 0x0, 0x0, 0x0, 0x0, 0x0, 0x0,
    0x0, 0x0, 0x90, 0xff, 0xff, 0xff, 0x4c, 0x0,
    0x0, 0x0, 0x0, 0x0, 0x0, 0x0, 0x0, 0x90,
    0xff, 0xff, 0xff, 0x4c, 0x0, 0x0, 0x0, 0x0,
    0x0, 0x0, 0x0, 0x0, 0x90, 0xff, 0xff, 0xff,
    0x4c, 0x0, 0x0, 0x0, 0x0,

    /* U+0055 "U" */
    0xb4, 0xff, 0xff, 0xff, 0x24, 0x0, 0x0, 0x0,
    0xf0, 0xff, 0xff, 0xc8, 0xb4, 0xff, 0xff, 0xff,
    0x24, 0x0, 0x0, 0x0, 0xf0, 0xff, 0xff, 0xc8,
    0xb4, 0xff, 0xff, 0xff, 0x24, 0x0, 0x0, 0x0,
    0xf0, 0xff, 0xff, 0xc8, 0xb4, 0xff, 0xff, 0xff,
    0x24, 0x0, 0x0, 0x0, 0xf0, 0xff, 0xff, 0xc8,
    0xb4, 0xff, 0xff, 0xff, 0x24, 0x0, 0x0, 0x0,
    0xf0, 0xff, 0xff, 0xc8, 0xb4, 0xff, 0xff, 0xff,
    0x24, 0x0, 0x0, 0x0, 0xf0, 0xff, 0xff, 0xc8,
    0xb4, 0xff, 0xff, 0xff, 0x24, 0x0, 0x0, 0x0,
    0xf0, 0xff, 0xff, 0xc8, 0xb4, 0xff, 0xff, 0xff,
    0x24, 0x0, 0x0, 0x0, 0xf0, 0xff, 0xff, 0xc8,
    0xb4, 0xff, 0xff, 0xff, 0x24, 0x0, 0x0, 0x0,
    0xf0, 0xff, 0xff, 0xc8, 0xb4, 0xff, 0xff, 0xff,
    0x24, 0x0, 0x0, 0x0, 0xf0, 0xff, 0xff, 0xc8,
    0xb4, 0xff, 0xff, 0xff, 0x24, 0x0, 0x0, 0x0,
    0xf0, 0xff, 0xff, 0xc8, 0xb4, 0xff, 0xff, 0xff,
    0x24, 0x0, 0x0, 0x0, 0xf0, 0xff, 0xff, 0xc8,
    0xb4, 0xff, 0xff, 0xff, 0x24, 0x0, 0x0, 0x0,
    0xf0, 0xff, 0xff, 0xc8, 0xb4, 0xff, 0xff, 0xff,
    0x24, 0x0, 0x0, 0x0, 0xf0, 0xff, 0xff, 0xc8,
    0xb4, 0xff, 0xff, 0xff, 0x24, 0x0, 0x0, 0x0,
    0xf0, 0xff, 0xff, 0xc8, 0xb4, 0xff, 0xff, 0xff,
    0x24, 0x0, 0x0, 0x0, 0xf0, 0xff, 0xff, 0xc8,
    0xb4, 0xff, 0xff, 0xff, 0x24, 0x0, 0x0, 0x0,
    0xf0, 0xff, 0xff, 0xc8, 0xb4, 0xff, 0xff, 0xff,
    0x24, 0x0, 0x0, 0x0, 0xf0, 0xff, 0xff, 0xc8,
    0xb3, 0xff, 0xff, 0xff, 0x24, 0x0, 0x0, 0x0,
    0xf0, 0xff, 0xff, 0xc7, 0xa9, 0xff, 0xff, 0xff,
    0x30, 0x0, 0x0, 0x2, 0xfa, 0xff, 0xff, 0xbb,
    0x8b, 0xff, 0xff, 0xff, 0x71, 0x0, 0x0, 0x40,
    0xff, 0xff, 0xff, 0x9d, 0x4a, 0xff, 0xff, 0xff,
    0xfb, 0xa6, 0x99, 0xf1, 0xff, 0xff, 0xff, 0x5c,
    0x2, 0xd5, 0xff, 0xff, 0xff, 0xff, 0xff, 0xff,
    0xff, 0xff, 0xe0, 0x7, 0x0, 0x2b, 0xe7, 0xff,
    0xff, 0xff, 0xff, 0xff, 0xff, 0xed, 0x35, 0x0,
    0x0, 0x0, 0x17, 0x8a, 0xd6, 0xf6, 0xf7, 0xd9,
    0x91, 0x1c, 0x0, 0x0,

    /* U+0056 "V" */
    0x82, 0xff, 0xff, 0xff, 0x60, 0x0, 0x0, 0x0,
    0x0, 0xa5, 0xff, 0xff, 0xe0, 0x5c, 0xff, 0xff,
    0xff, 0x81, 0x0, 0x0, 0x0, 0x0, 0xc6, 0xff,
    0xff, 0xba, 0x36, 0xff, 0xff, 0xff, 0xa2, 0x0,
    0x0, 0x0, 0x0, 0xe8, 0xff, 0xff, 0x94, 0xf,
    0xff, 0xff, 0xff, 0xc3, 0x0, 0x0, 0x0, 0x9,
    0xff, 0xff, 0xff, 0x6e, 0x0, 0xea, 0xff, 0xff,
    0xe5, 0x0, 0x0, 0x0, 0x2b, 0xff, 0xff, 0xff,
    0x48, 0x0, 0xc4, 0xff, 0xff, 0xfe, 0x8, 0x0,
    0x0, 0x4c, 0xff, 0xff, 0xff, 0x22, 0x0, 0x9e,
    0xff, 0xff, 0xff, 0x27, 0x0, 0x0, 0x6d, 0xff,
    0xff, 0xf9, 0x3, 0x0, 0x78, 0xff, 0xff, 0xff,
    0x48, 0x0, 0x0, 0x8f, 0xff, 0xff, 0xd6, 0x0,
    0x0, 0x52, 0xff, 0xff, 0xff, 0x69, 0x0, 0x0,
    0xb0, 0xff, 0xff, 0xb0, 0x0, 0x0, 0x2c, 0xff,
    0xff, 0xff, 0x8b, 0x0, 0x0, 0xd2, 0xff, 0xff,
    0x8a, 0x0, 0x0, 0x8, 0xfd, 0xff, 0xff, 0xac,
    0x0, 0x0, 0xf3, 0xff, 0xff, 0x64, 0x0, 0x0,
    0x0, 0xe0, 0xff, 0xff, 0xcd, 0x0, 0x15, 0xff,
    0xff, 0xff, 0x3e, 0x0, 0x0, 0x0, 0xba, 0xff,
    0xff, 0xee, 0x0, 0x36, 0xff, 0xff, 0xff, 0x17,
    0x0, 0x0, 0x0, 0x95, 0xff, 0xff, 0xff, 0xf,
    0x57, 0xff, 0xff, 0xf1, 0x0, 0x0, 0x0, 0x0,
    0x6f, 0xff, 0xff, 0xff, 0x31, 0x79, 0xff, 0xff,
    0xcb, 0x0, 0x0, 0x0, 0x0, 0x49, 0xff, 0xff,
    0xff, 0x52, 0x9a, 0xff, 0xff, 0xa5, 0x0, 0x0,
    0x0, 0x0, 0x23, 0xff, 0xff, 0xff, 0x73, 0xbc,
    0xff, 0xff, 0x7f, 0x0, 0x0, 0x0, 0x0, 0x3,
    0xf9, 0xff, 0xff, 0x94, 0xdd, 0xff, 0xff, 0x59,
    0x0, 0x0, 0x0, 0x0, 0x0, 0xd7, 0xff, 0xff,
    0xb9, 0xfb, 0xff, 0xff, 0x33, 0x0, 0x0, 0x0,
    0x0, 0x0, 0xb1, 0xff, 0xff, 0xf4, 0xff, 0xff,
    0xff, 0xd, 0x0, 0x0, 0x0, 0x0, 0x0, 0x8b,
    0xff, 0xff, 0xff, 0xff, 0xff, 0xe7, 0x0, 0x0,
    0x0, 0x0, 0x0, 0x0, 0x65, 0xff, 0xff, 0xff,
    0xff, 0xff, 0xc1, 0x0, 0x0, 0x0, 0x0, 0x0,
    0x0, 0x3f, 0xff, 0xff, 0xff, 0xff, 0xff, 0x9b,
    0x0, 0x0, 0x0, 0x0, 0x0, 0x0, 0x19, 0xff,
    0xff, 0xff, 0xff, 0xff, 0x75, 0x0, 0x0, 0x0,
    0x0, 0x0, 0x0, 0x0, 0xf2, 0xff, 0xff, 0xff,
    0xff, 0x4f, 0x0, 0x0, 0x0,

    /* U+0057 "W" */
    0x6c, 0xff, 0xff, 0xff, 0x46, 0x0, 0x0, 0x35,
    0xff, 0xff, 0xff, 0xff, 0x17, 0x0, 0x0, 0x68,
    0xff, 0xff, 0xea, 0x52, 0xff, 0xff, 0xff, 0x5d,
    0x0, 0x0, 0x4d, 0xff, 0xff, 0xff, 0xff, 0x30,
    0x0, 0x0, 0x7e, 0xff, 0xff, 0xd1, 0x39, 0xff,
    0xff, 0xff, 0x74, 0x0, 0x0, 0x65, 0xff, 0xff,
    0xff, 0xff, 0x48, 0x0, 0x0, 0x95, 0xff, 0xff,
    0xb8, 0x1f, 0xff, 0xff, 0xff, 0x8b, 0x0, 0x0,
    0x7e, 0xff, 0xff, 0xff, 0xff, 0x60, 0x0, 0x0,
    0xac, 0xff, 0xff, 0x9e, 0x6, 0xff, 0xff, 0xff,
    0xa2, 0x0, 0x0, 0x96, 0xff, 0xff, 0xff, 0xff,
    0x78, 0x0, 0x0, 0xc2, 0xff, 0xff, 0x85, 0x0,
    0xec, 0xff, 0xff, 0xb9, 0x0, 0x0, 0xae, 0xff,
    0xff, 0xff, 0xff, 0x90, 0x0, 0x0, 0xd9, 0xff,
    0xff, 0x6b, 0x0, 0xd3, 0xff, 0xff, 0xd0, 0x0,
    0x0, 0xc7, 0xff, 0xff, 0xff, 0xff, 0xa8, 0x0,
    0x0, 0xf0, 0xff, 0xff, 0x52, 0x0, 0xb9, 0xff,
    0xff, 0xe7, 0x0, 0x0, 0xdf, 0xff, 0xff, 0xff,
    0xff, 0xc1, 0x0, 0x6, 0xff, 0xff, 0xff, 0x38,
    0x0, 0xa0, 0xff, 0xff, 0xfc, 0x2, 0x0, 0xf6,
    0xff, 0xdf, 0xff, 0xff, 0xd9, 0x0, 0x1d, 0xff,
    0xff, 0xff, 0x1f, 0x0, 0x87, 0xff, 0xff, 0xff,
    0x15, 0x10, 0xff, 0xff, 0xbb, 0xec, 0xff, 0xf1,
    0x0, 0x34, 0xff, 0xff, 0xff, 0x7, 0x0, 0x6d,
    0xff, 0xff, 0xff, 0x2b, 0x28, 0xff, 0xff, 0xa1,
    0xd2, 0xff, 0xff, 0x9, 0x4a, 0xff, 0xff, 0xec,
    0x0, 0x0, 0x54, 0xff, 0xff, 0xff, 0x42, 0x40,
    0xff, 0xff, 0x86, 0xb7, 0xff, 0xff, 0x21, 0x61,
    0xff, 0xff, 0xd3, 0x0, 0x0, 0x3a, 0xff, 0xff,
    0xff, 0x59, 0x59, 0xff, 0xff, 0x6b, 0x9c, 0xff,
    0xff, 0x39, 0x78, 0xff, 0xff, 0xb9, 0x0, 0x0,
    0x21, 0xff, 0xff, 0xff, 0x70, 0x71, 0xff, 0xff,
    0x51, 0x82, 0xff, 0xff, 0x51, 0x8e, 0xff, 0xff,
    0xa0, 0x0, 0x0, 0x7, 0xff, 0xff, 0xff, 0x87,
    0x89, 0xff, 0xff, 0x36, 0x67, 0xff, 0xff, 0x6a,
    0xa5, 0xff, 0xff, 0x86, 0x0, 0x0, 0x0, 0xee,
    0xff, 0xff, 0x9e, 0xa2, 0xff, 0xff, 0x1c, 0x4d,
    0xff, 0xff, 0x82, 0xbc, 0xff, 0xff, 0x6d, 0x0,
    0x0, 0x0, 0xd4, 0xff, 0xff, 0xb5, 0xba, 0xff,
    0xfd, 0x4, 0x32, 0xff, 0xff, 0x9a, 0xd2, 0xff,
    0xff, 0x53, 0x0, 0x0, 0x0, 0xbb, 0xff, 0xff,
    0xcc, 0xd2, 0xff, 0xe7, 0x0, 0x18, 0xff, 0xff,
    0xb2, 0xe9, 0xff, 0xff, 0x3a, 0x0, 0x0, 0x0,
    0xa2, 0xff, 0xff, 0xe3, 0xeb, 0xff, 0xcc, 0x0,
    0x2, 0xfb, 0xff, 0xcc, 0xfd, 0xff, 0xff, 0x21,
    0x0, 0x0, 0x0, 0x88, 0xff, 0xff, 0xfc, 0xfe,
    0xff, 0xb1, 0x0, 0x0, 0xe2, 0xff, 0xfa, 0xff,
    0xff, 0xff, 0x8, 0x0, 0x0, 0x0, 0x6f, 0xff,
    0xff, 0xff, 0xff, 0xff, 0x97, 0x0, 0x0, 0xc8,
    0xff, 0xff, 0xff, 0xff, 0xee, 0x0, 0x0, 0x0,
    0x0, 0x55, 0xff, 0xff, 0xff, 0xff, 0xff, 0x7c,
    0x0, 0x0, 0xad, 0xff, 0xff, 0xff, 0xff, 0xd4,
    0x0, 0x0, 0x0, 0x0, 0x3c, 0xff, 0xff, 0xff,
    0xff, 0xff, 0x62, 0x0, 0x0, 0x93, 0xff, 0xff,
    0xff, 0xff, 0xbb, 0x0, 0x0, 0x0, 0x0, 0x22,
    0xff, 0xff, 0xff, 0xff, 0xff, 0x47, 0x0, 0x0,
    0x78, 0xff, 0xff, 0xff, 0xff, 0xa1, 0x0, 0x0,
    0x0, 0x0, 0x9, 0xff, 0xff, 0xff, 0xff, 0xff,
    0x2d, 0x0, 0x0, 0x5d, 0xff, 0xff, 0xff, 0xff,
    0x88, 0x0, 0x0,

    /* U+0058 "X" */
    0x3c, 0xff, 0xff, 0xff, 0xd0, 0x0, 0x0, 0x0,
    0x0, 0x33, 0xff, 0xff, 0xff, 0x6f, 0x1, 0xe1,
    0xff, 0xff, 0xff, 0x23, 0x0, 0x0, 0x0, 0x87,
    0xff, 0xff, 0xfd, 0x19, 0x0, 0x8a, 0xff, 0xff,
    0xff, 0x75, 0x0, 0x0, 0x0, 0xda, 0xff, 0xff,
    0xbd, 0x0, 0x0, 0x32, 0xff, 0xff, 0xff, 0xc7,
    0x0, 0x0, 0x2f, 0xff, 0xff, 0xff, 0x65, 0x0,
    0x0, 0x0, 0xd8, 0xff, 0xff, 0xfe, 0x1a, 0x0,
    0x83, 0xff, 0xff, 0xfa, 0x12, 0x0, 0x0, 0x0,
    0x80, 0xff, 0xff, 0xff, 0x6b, 0x0, 0xd6, 0xff,
    0xff, 0xb3, 0x0, 0x0, 0x0, 0x0, 0x27, 0xff,
    0xff, 0xff, 0xbe, 0x2c, 0xff, 0xff, 0xff, 0x5a,
    0x0, 0x0, 0x0, 0x0, 0x0, 0xcf, 0xff, 0xff,
    0xfc, 0x93, 0xff, 0xff, 0xf6, 0xc, 0x0, 0x0,
    0x0, 0x0, 0x0, 0x76, 0xff, 0xff, 0xff, 0xfe,
    0xff, 0xff, 0xa9, 0x0, 0x0, 0x0, 0x0, 0x0,
    0x0, 0x1e, 0xfe, 0xff, 0xff, 0xff, 0xff, 0xff,
    0x50, 0x0, 0x0, 0x0, 0x0, 0x0, 0x0, 0x0,
    0xc5, 0xff, 0xff, 0xff, 0xff, 0xf0, 0x7, 0x0,
    0x0, 0x0, 0x0, 0x0, 0x0, 0x0, 0x6c, 0xff,
    0xff, 0xff, 0xff, 0x9f, 0x0, 0x0, 0x0, 0x0,
    0x0, 0x0, 0x0, 0x0, 0x49, 0xff, 0xff, 0xff,
    0xff, 0x7d, 0x0, 0x0, 0x0, 0x0, 0x0, 0x0,
    0x0, 0x0, 0x9e, 0xff, 0xff, 0xff, 0xff, 0xd1,
    0x0, 0x0, 0x0, 0x0, 0x0, 0x0, 0x0, 0x7,
    0xef, 0xff, 0xff, 0xff, 0xff, 0xff, 0x2b, 0x0,
    0x0, 0x0, 0x0, 0x0, 0x0, 0x50, 0xff, 0xff,
    0xff, 0xff, 0xff, 0xff, 0x84, 0x0, 0x0, 0x0,
    0x0, 0x0, 0x0, 0xa9, 0xff, 0xff, 0xd6, 0xf0,
    0xff, 0xff, 0xdd, 0x0, 0x0, 0x0, 0x0, 0x0,
    0xb, 0xf5, 0xff, 0xff, 0x7d, 0xa4, 0xff, 0xff,
    0xff, 0x36, 0x0, 0x0, 0x0, 0x0, 0x5a, 0xff,
    0xff, 0xff, 0x29, 0x52, 0xff, 0xff, 0xff, 0x8f,
    0x0, 0x0, 0x0, 0x0, 0xb3, 0xff, 0xff, 0xd5,
    0x0, 0xa, 0xf5, 0xff, 0xff, 0xe6, 0x2, 0x0,
    0x0, 0x12, 0xfa, 0xff, 0xff, 0x81, 0x0, 0x0,
    0xae, 0xff, 0xff, 0xff, 0x42, 0x0, 0x0, 0x65,
    0xff, 0xff, 0xff, 0x2d, 0x0, 0x0, 0x5c, 0xff,
    0xff, 0xff, 0x9b, 0x0, 0x0, 0xbe, 0xff, 0xff,
    0xd9, 0x0, 0x0, 0x0, 0xf, 0xfa, 0xff, 0xff,
    0xee, 0x6, 0x19, 0xfd, 0xff, 0xff, 0x85, 0x0,
    0x0, 0x0, 0x0, 0xb8, 0xff, 0xff, 0xff, 0x4d,
    0x70, 0xff, 0xff, 0xff, 0x31, 0x0, 0x0, 0x0,
    0x0, 0x65, 0xff, 0xff, 0xff, 0xa7,

    /* U+0059 "Y" */
    0x87, 0xff, 0xff, 0xff, 0x8c, 0x0, 0x0, 0x0,
    0x0, 0x69, 0xff, 0xff, 0xff, 0x4d, 0x33, 0xff,
    0xff, 0xff, 0xd5, 0x0, 0x0, 0x0, 0x0, 0xb2,
    0xff, 0xff, 0xf3, 0x8, 0x0, 0xdf, 0xff, 0xff,
    0xff, 0x1e, 0x0, 0x0, 0x6, 0xf4, 0xff, 0xff,
    0xa7, 0x0, 0x0, 0x8d, 0xff, 0xff, 0xff, 0x68,
    0x0, 0x0, 0x45, 0xff, 0xff, 0xff, 0x54, 0x0,
    0x0, 0x3a, 0xff, 0xff, 0xff, 0xb1, 0x0, 0x0,
    0x8e, 0xff, 0xff, 0xf6, 0xb, 0x0, 0x0, 0x1,
    0xe5, 0xff, 0xff, 0xf4, 0x6, 0x0, 0xd7, 0xff,
    0xff, 0xae, 0x0, 0x0, 0x0, 0x0, 0x94, 0xff,
    0xff, 0xff, 0x43, 0x20, 0xff, 0xff, 0xff, 0x5b,
    0x0, 0x0, 0x0, 0x0, 0x41, 0xff, 0xff, 0xff,
    0x8d, 0x6a, 0xff, 0xff, 0xf9, 0xf, 0x0, 0x0,
    0x0, 0x0, 0x3, 0xeb, 0xff, 0xff, 0xd6, 0xb3,
    0xff, 0xff, 0xb5, 0x0, 0x0, 0x0, 0x0, 0x0,
    0x0, 0x9b, 0xff, 0xff, 0xff, 0xfa, 0xff, 0xff,
    0x62, 0x0, 0x0, 0x0, 0x0, 0x0, 0x0, 0x48,
    0xff, 0xff, 0xff, 0xff, 0xff, 0xfc, 0x13, 0x0,
    0x0, 0x0, 0x0, 0x0, 0x0, 0x5, 0xef, 0xff,
    0xff, 0xff, 0xff, 0xbc, 0x0, 0x0, 0x0, 0x0,
    0x0, 0x0, 0x0, 0x0, 0xa2, 0xff, 0xff, 0xff,
    0xff, 0x69, 0x0, 0x0, 0x0, 0x0, 0x0, 0x0,
    0x0, 0x0, 0x4f, 0xff, 0xff, 0xff, 0xfd, 0x19,
    0x0, 0x0, 0x0, 0x0, 0x0, 0x0, 0x0, 0x0,
    0xd, 0xff, 0xff, 0xff, 0xd5, 0x0, 0x0, 0x0,
    0x0, 0x0, 0x0, 0x0, 0x0, 0x0, 0x8, 0xff,
    0xff, 0xff, 0xd0, 0x0, 0x0, 0x0, 0x0, 0x0,
    0x0, 0x0, 0x0, 0x0, 0x8, 0xff, 0xff, 0xff,
    0xd0, 0x0, 0x0, 0x0, 0x0, 0x0, 0x0, 0x0,
    0x0, 0x0, 0x8, 0xff, 0xff, 0xff, 0xd0, 0x0,
    0x0, 0x0, 0x0, 0x0, 0x0, 0x0, 0x0, 0x0,
    0x8, 0xff, 0xff, 0xff, 0xd0, 0x0, 0x0, 0x0,
    0x0, 0x0, 0x0, 0x0, 0x0, 0x0, 0x8, 0xff,
    0xff, 0xff, 0xd0, 0x0, 0x0, 0x0, 0x0, 0x0,
    0x0, 0x0, 0x0, 0x0, 0x8, 0xff, 0xff, 0xff,
    0xd0, 0x0, 0x0, 0x0, 0x0, 0x0, 0x0, 0x0,
    0x0, 0x0, 0x8, 0xff, 0xff, 0xff, 0xd0, 0x0,
    0x0, 0x0, 0x0, 0x0, 0x0, 0x0, 0x0, 0x0,
    0x8, 0xff, 0xff, 0xff, 0xd0, 0x0, 0x0, 0x0,
    0x0, 0x0, 0x0, 0x0, 0x0, 0x0, 0x8, 0xff,
    0xff, 0xff, 0xd0, 0x0, 0x0, 0x0, 0x0, 0x0,
    0x0, 0x0, 0x0, 0x0, 0x8, 0xff, 0xff, 0xff,
    0xd0, 0x0, 0x0, 0x0, 0x0, 0x0,

    /* U+005A "Z" */
    0x0, 0xfc, 0xff, 0xff, 0xff, 0xff, 0xff, 0xff,
    0xff, 0xff, 0xff, 0xf0, 0x0, 0xfc, 0xff, 0xff,
    0xff, 0xff, 0xff, 0xff, 0xff, 0xff, 0xff, 0xf0,
    0x0, 0xfc, 0xff, 0xff, 0xff, 0xff, 0xff, 0xff,
    0xff, 0xff, 0xff, 0xf0, 0x0, 0x85, 0x88, 0x88,
    0x88, 0x88, 0x88, 0xa9, 0xff, 0xff, 0xff, 0xe0,
    0x0, 0x0, 0x0, 0x0, 0x0, 0x0, 0x0, 0x93,
    0xff, 0xff, 0xff, 0x85, 0x0, 0x0, 0x0, 0x0,
    0x0, 0x0, 0x8, 0xef, 0xff, 0xff, 0xfe, 0x22,
    0x0, 0x0, 0x0, 0x0, 0x0, 0x0, 0x5d, 0xff,
    0xff, 0xff, 0xba, 0x0, 0x0, 0x0, 0x0, 0x0,
    0x0, 0x0, 0xc3, 0xff, 0xff, 0xff, 0x55, 0x0,
    0x0, 0x0, 0x0, 0x0, 0x0, 0x28, 0xff, 0xff,
    0xff, 0xea, 0x6, 0x0, 0x0, 0x0, 0x0, 0x0,
    0x0, 0x8e, 0xff, 0xff, 0xff, 0x8a, 0x0, 0x0,
    0x0, 0x0, 0x0, 0x0, 0x7, 0xec, 0xff, 0xff,
    0xff, 0x26, 0x0, 0x0, 0x0, 0x0, 0x0, 0x0,
    0x59, 0xff, 0xff, 0xff, 0xbf, 0x0, 0x0, 0x0,
    0x0, 0x0, 0x0, 0x0, 0xbe, 0xff, 0xff, 0xff,
    0x5a, 0x0, 0x0, 0x0, 0x0, 0x0, 0x0, 0x24,
    0xfe, 0xff, 0xff, 0xed, 0x7, 0x0, 0x0, 0x0,
    0x0, 0x0, 0x0, 0x89, 0xff, 0xff, 0xff, 0x8f,
    0x0, 0x0, 0x0, 0x0, 0x0, 0x0, 0x5, 0xe9,
    0xff, 0xff, 0xff, 0x2a, 0x0, 0x0, 0x0, 0x0,
    0x0, 0x0, 0x54, 0xff, 0xff, 0xff, 0xc5, 0x0,
    0x0, 0x0, 0x0, 0x0, 0x0, 0x0, 0xba, 0xff,
    0xff, 0xff, 0x5f, 0x0, 0x0, 0x0, 0x0, 0x0,
    0x0, 0x20, 0xfe, 0xff, 0xff, 0xf0, 0xa, 0x0,
    0x0, 0x0, 0x0, 0x0, 0x0, 0x85, 0xff, 0xff,
    0xff, 0x94, 0x0, 0x0, 0x0, 0x0, 0x0, 0x0,
    0x4, 0xe5, 0xff, 0xff, 0xff, 0x2f, 0x0, 0x0,
    0x0, 0x0, 0x0, 0x0, 0x44, 0xff, 0xff, 0xff,
    0xf2, 0x84, 0x84, 0x84, 0x84, 0x84, 0x84, 0x7b,
    0x54, 0xff, 0xff, 0xff, 0xff, 0xff, 0xff, 0xff,
    0xff, 0xff, 0xff, 0xf0, 0x54, 0xff, 0xff, 0xff,
    0xff, 0xff, 0xff, 0xff, 0xff, 0xff, 0xff, 0xf0,
    0x54, 0xff, 0xff, 0xff, 0xff, 0xff, 0xff, 0xff,
    0xff, 0xff, 0xff, 0xf0,

    /* U+005B "[" */
    0x29, 0x2c, 0x2c, 0x2c, 0x2c, 0x2c, 0x13, 0xf0,
    0xff, 0xff, 0xff, 0xff, 0xff, 0x70, 0xf0, 0xff,
    0xff, 0xff, 0xff, 0xff, 0x70, 0xf0, 0xff, 0xff,
    0xff, 0xff, 0xff, 0x70, 0xf0, 0xff, 0xff, 0xec,
    0x0, 0x0, 0x0, 0xf0, 0xff, 0xff, 0xec, 0x0,
    0x0, 0x0, 0xf0, 0xff, 0xff, 0xec, 0x0, 0x0,
    0x0, 0xf0, 0xff, 0xff, 0xec, 0x0, 0x0, 0x0,
    0xf0, 0xff, 0xff, 0xec, 0x0, 0x0, 0x0, 0xf0,
    0xff, 0xff, 0xec, 0x0, 0x0, 0x0, 0xf0, 0xff,
    0xff, 0xec, 0x0, 0x0, 0x0, 0xf0, 0xff, 0xff,
    0xec, 0x0, 0x0, 0x0, 0xf0, 0xff, 0xff, 0xec,
    0x0, 0x0, 0x0, 0xf0, 0xff, 0xff, 0xec, 0x0,
    0x0, 0x0, 0xf0, 0xff, 0xff, 0xec, 0x0, 0x0,
    0x0, 0xf0, 0xff, 0xff, 0xec, 0x0, 0x0, 0x0,
    0xf0, 0xff, 0xff, 0xec, 0x0, 0x0, 0x0, 0xf0,
    0xff, 0xff, 0xec, 0x0, 0x0, 0x0, 0xf0, 0xff,
    0xff, 0xec, 0x0, 0x0, 0x0, 0xf0, 0xff, 0xff,
    0xec, 0x0, 0x0, 0x0, 0xf0, 0xff, 0xff, 0xec,
    0x0, 0x0, 0x0, 0xf0, 0xff, 0xff, 0xec, 0x0,
    0x0, 0x0, 0xf0, 0xff, 0xff, 0xec, 0x0, 0x0,
    0x0, 0xf0, 0xff, 0xff, 0xec, 0x0, 0x0, 0x0,
    0xf0, 0xff, 0xff, 0xec, 0x0, 0x0, 0x0, 0xf0,
    0xff, 0xff, 0xef, 0x2c, 0x2c, 0x13, 0xf0, 0xff,
    0xff, 0xff, 0xff, 0xff, 0x70, 0xf0, 0xff, 0xff,
    0xff, 0xff, 0xff, 0x70, 0xf0, 0xff, 0xff, 0xff,
    0xff, 0xff, 0x70,

    /* U+005C "\\" */
    0x7f, 0xff, 0xff, 0xd4, 0x0, 0x0, 0x0, 0x0,
    0x0, 0x0, 0x0, 0x0, 0x0, 0x0, 0x1e, 0xfd,
    0xff, 0xff, 0x37, 0x0, 0x0, 0x0, 0x0, 0x0,
    0x0, 0x0, 0x0, 0x0, 0x0, 0xb9, 0xff, 0xff,
    0x9a, 0x0, 0x0, 0x0, 0x0, 0x0, 0x0, 0x0,
    0x0, 0x0, 0x0, 0x56, 0xff, 0xff, 0xf2, 0xb,
    0x0, 0x0, 0x0, 0x0, 0x0, 0x0, 0x0, 0x0,
    0x0, 0x6, 0xec, 0xff, 0xff, 0x60, 0x0, 0x0,
    0x0, 0x0, 0x0, 0x0, 0x0, 0x0, 0x0, 0x0,
    0x90, 0xff, 0xff, 0xc3, 0x0, 0x0, 0x0, 0x0,
    0x0, 0x0, 0x0, 0x0, 0x0, 0x0, 0x2d, 0xff,
    0xff, 0xff, 0x27, 0x0, 0x0, 0x0, 0x0, 0x0,
    0x0, 0x0, 0x0, 0x0, 0x0, 0xca, 0xff, 0xff,
    0x89, 0x0, 0x0, 0x0, 0x0, 0x0, 0x0, 0x0,
    0x0, 0x0, 0x0, 0x68, 0xff, 0xff, 0xe7, 0x4,
    0x0, 0x0, 0x0, 0x0, 0x0, 0x0, 0x0, 0x0,
    0x0, 0xf, 0xf6, 0xff, 0xff, 0x4e, 0x0, 0x0,
    0x0, 0x0, 0x0, 0x0, 0x0, 0x0, 0x0, 0x0,
    0xa2, 0xff, 0xff, 0xb1, 0x0, 0x0, 0x0, 0x0,
    0x0, 0x0, 0x0, 0x0, 0x0, 0x0, 0x3f, 0xff,
    0xff, 0xfb, 0x18, 0x0, 0x0, 0x0, 0x0, 0x0,
    0x0, 0x0, 0x0, 0x0, 0x0, 0xdb, 0xff, 0xff,
    0x77, 0x0, 0x0, 0x0, 0x0, 0x0, 0x0, 0x0,
    0x0, 0x0, 0x0, 0x79, 0xff, 0xff, 0xd9, 0x0,
    0x0, 0x0, 0x0, 0x0, 0x0, 0x0, 0x0, 0x0,
    0x0, 0x1a, 0xfc, 0xff, 0xff, 0x3d, 0x0, 0x0,
    0x0, 0x0, 0x0, 0x0, 0x0, 0x0, 0x0, 0x0,
    0xb3, 0xff, 0xff, 0xa0, 0x0, 0x0, 0x0, 0x0,
    0x0, 0x0, 0x0, 0x0, 0x0, 0x0, 0x51, 0xff,
    0xff, 0xf5, 0xd, 0x0, 0x0, 0x0, 0x0, 0x0,
    0x0, 0x0, 0x0, 0x0, 0x5, 0xe9, 0xff, 0xff,
    0x65, 0x0, 0x0, 0x0, 0x0, 0x0, 0x0, 0x0,
    0x0, 0x0, 0x0, 0x8b, 0xff, 0xff, 0xc8, 0x0,
    0x0, 0x0, 0x0, 0x0, 0x0, 0x0, 0x0, 0x0,
    0x0, 0x28, 0xff, 0xff, 0xff, 0x2b, 0x0, 0x0,
    0x0, 0x0, 0x0, 0x0, 0x0, 0x0, 0x0, 0x0,
    0xc5, 0xff, 0xff, 0x8e, 0x0, 0x0, 0x0, 0x0,
    0x0, 0x0, 0x0, 0x0, 0x0, 0x0, 0x62, 0xff,
    0xff, 0xeb, 0x6, 0x0, 0x0, 0x0, 0x0, 0x0,
    0x0, 0x0, 0x0, 0x0, 0xc, 0xf3, 0xff, 0xff,
    0x54, 0x0, 0x0, 0x0, 0x0, 0x0, 0x0, 0x0,
    0x0, 0x0, 0x0, 0x9c, 0xff, 0xff, 0xb7, 0x0,
    0x0, 0x0, 0x0, 0x0, 0x0, 0x0, 0x0, 0x0,
    0x0, 0x39, 0xff, 0xff, 0xfd, 0x1d,

    /* U+005D "]" */
    0x22, 0x2c, 0x2c, 0x2c, 0x2c, 0x2c, 0x1a, 0xc8,
    0xff, 0xff, 0xff, 0xff, 0xff, 0x98, 0xc8, 0xff,
    0xff, 0xff, 0xff, 0xff, 0x98, 0xc8, 0xff, 0xff,
    0xff, 0xff, 0xff, 0x98, 0x0, 0x0, 0x40, 0xff,
    0xff, 0xff, 0x98, 0x0, 0x0, 0x40, 0xff, 0xff,
    0xff, 0x98, 0x0, 0x0, 0x40, 0xff, 0xff, 0xff,
    0x98, 0x0, 0x0, 0x40, 0xff, 0xff, 0xff, 0x98,
    0x0, 0x0, 0x40, 0xff, 0xff, 0xff, 0x98, 0x0,
    0x0, 0x40, 0xff, 0xff, 0xff, 0x98, 0x0, 0x0,
    0x40, 0xff, 0xff, 0xff, 0x98, 0x0, 0x0, 0x40,
    0xff, 0xff, 0xff, 0x98, 0x0, 0x0, 0x40, 0xff,
    0xff, 0xff, 0x98, 0x0, 0x0, 0x40, 0xff, 0xff,
    0xff, 0x98, 0x0, 0x0, 0x40, 0xff, 0xff, 0xff,
    0x98, 0x0, 0x0, 0x40, 0xff, 0xff, 0xff, 0x98,
    0x0, 0x0, 0x40, 0xff, 0xff, 0xff, 0x98, 0x0,
    0x0, 0x40, 0xff, 0xff, 0xff, 0x98, 0x0, 0x0,
    0x40, 0xff, 0xff, 0xff, 0x98, 0x0, 0x0, 0x40,
    0xff, 0xff, 0xff, 0x98, 0x0, 0x0, 0x40, 0xff,
    0xff, 0xff, 0x98, 0x0, 0x0, 0x40, 0xff, 0xff,
    0xff, 0x98, 0x0, 0x0, 0x40, 0xff, 0xff, 0xff,
    0x98, 0x0, 0x0, 0x40, 0xff, 0xff, 0xff, 0x98,
    0x0, 0x0, 0x40, 0xff, 0xff, 0xff, 0x98, 0x22,
    0x2c, 0x61, 0xff, 0xff, 0xff, 0x98, 0xc8, 0xff,
    0xff, 0xff, 0xff, 0xff, 0x98, 0xc8, 0xff, 0xff,
    0xff, 0xff, 0xff, 0x98, 0xc8, 0xff, 0xff, 0xff,
    0xff, 0xff, 0x98,

    /* U+005E "^" */
    0x0, 0x0, 0x0, 0x0, 0x0, 0x3b, 0x80, 0x80,
    0x32, 0x0, 0x0, 0x0, 0x0, 0x0, 0x0, 0x0,
    0x0, 0x0, 0x3, 0xd7, 0xff, 0xff, 0xc9, 0x0,
    0x0, 0x0, 0x0, 0x0, 0x0, 0x0, 0x0, 0x0,
    0x62, 0xff, 0xff, 0xff, 0xff, 0x51, 0x0, 0x0,
    0x0, 0x0, 0x0, 0x0, 0x0, 0x7, 0xe1, 0xff,
    0xff, 0xff, 0xff, 0xd4, 0x2, 0x0, 0x0, 0x0,
    0x0, 0x0, 0x0, 0x6f, 0xff, 0xff, 0xb6, 0xc6,
    0xff, 0xff, 0x5e, 0x0, 0x0, 0x0, 0x0, 0x0,
    0xc, 0xe9, 0xff, 0xfe, 0x31, 0x40, 0xff, 0xff,
    0xdf, 0x6, 0x0, 0x0, 0x0, 0x0, 0x7d, 0xff,
    0xff, 0xa8, 0x0, 0x0, 0xbb, 0xff, 0xff, 0x6c,
    0x0, 0x0, 0x0, 0x12, 0xf0, 0xff, 0xfb, 0x25,
    0x0, 0x0, 0x35, 0xff, 0xff, 0xe7, 0xa, 0x0,
    0x0, 0x8a, 0xff, 0xff, 0x9a, 0x0, 0x0, 0x0,
    0x0, 0xae, 0xff, 0xff, 0x79, 0x0, 0x1a, 0xf6,
    0xff, 0xf7, 0x1c, 0x0, 0x0, 0x0, 0x0, 0x2a,
    0xfd, 0xff, 0xef, 0x11,

    /* U+005F "_" */
    0xd0, 0xd0, 0xd0, 0xd0, 0xd0, 0xd0, 0xd0, 0xd0,
    0xd0, 0xd0, 0x68, 0xff, 0xff, 0xff, 0xff, 0xff,
    0xff, 0xff, 0xff, 0xff, 0xff, 0x80, 0xff, 0xff,
    0xff, 0xff, 0xff, 0xff, 0xff, 0xff, 0xff, 0xff,
    0x80,

    /* U+0060 "`" */
    0x9, 0xc, 0xc, 0xc, 0x5, 0x0, 0x0, 0x4f,
    0xfc, 0xff, 0xff, 0xbb, 0x0, 0x0, 0x0, 0x60,
    0xfe, 0xff, 0xff, 0x56, 0x0, 0x0, 0x0, 0x72,
    0xff, 0xff, 0xe4, 0xc, 0x0, 0x0, 0x0, 0x86,
    0xff, 0xff, 0x8a,

    /* U+0061 "a" */
    0x0, 0x0, 0x0, 0x0, 0xad, 0xff, 0xff, 0xff,
    0xff, 0xb3, 0x0, 0x0, 0x0, 0x0, 0x0, 0x0,
    0x0, 0x0, 0xd5, 0xff, 0xff, 0xff, 0xff, 0xdc,
    0x0, 0x0, 0x0, 0x0, 0x0, 0x0, 0x0, 0x4,
    0xf9, 0xff, 0xff, 0xff, 0xff, 0xfd, 0x8, 0x0,
    0x0, 0x0, 0x0, 0x0, 0x0, 0x27, 0xff, 0xff,
    0xff, 0xff, 0xff, 0xff, 0x2e, 0x0, 0x0, 0x0,
    0x0, 0x0, 0x0, 0x50, 0xff, 0xff, 0xe6, 0xff,
    0xff, 0xff, 0x57, 0x0, 0x0, 0x0, 0x0, 0x0,
    0x0, 0x79, 0xff, 0xff, 0xab, 0xf2, 0xff, 0xff,
    0x7f, 0x0, 0x0, 0x0, 0x0, 0x0, 0x0, 0xa1,
    0xff, 0xff, 0x88, 0xcf, 0xff, 0xff, 0xa8, 0x0,
    0x0, 0x0, 0x0, 0x0, 0x0, 0xca, 0xff, 0xff,
    0x65, 0xac, 0xff, 0xff, 0xd1, 0x0, 0x0, 0x0,
    0x0, 0x0, 0x0, 0xf2, 0xff, 0xff, 0x42, 0x88,
    0xff, 0xff, 0xf7, 0x2, 0x0, 0x0, 0x0, 0x0,
    0x1c, 0xff, 0xff, 0xff, 0x1f, 0x65, 0xff, 0xff,
    0xff, 0x23, 0x0, 0x0, 0x0, 0x0, 0x45, 0xff,
    0xff, 0xf9, 0x2, 0x41, 0xff, 0xff, 0xff, 0x4b,
    0x0, 0x0, 0x0, 0x0, 0x6d, 0xff, 0xff, 0xd9,
    0x0, 0x1d, 0xff, 0xff, 0xff, 0x74, 0x0, 0x0,
    0x0, 0x0, 0x96, 0xff, 0xff, 0xb6, 0x0, 0x1,
    0xf7, 0xff, 0xff, 0x9d, 0x0, 0x0, 0x0, 0x0,
    0xbf, 0xff, 0xff, 0x93, 0x0, 0x0, 0xd6, 0xff,
    0xff, 0xc6, 0x0, 0x0, 0x0, 0x0, 0xe8, 0xff,
    0xff, 0x70, 0x0, 0x0, 0xb2, 0xff, 0xff, 0xef,
    0x0, 0x0, 0x0, 0x10, 0xff, 0xff, 0xff, 0x4d,
    0x0, 0x0, 0x8f, 0xff, 0xff, 0xff, 0x17, 0x0,
    0x0, 0x39, 0xff, 0xff, 0xff, 0x71, 0x50, 0x50,
    0x9d, 0xff, 0xff, 0xff, 0x40, 0x0, 0x0, 0x62,
    0xff, 0xff, 0xff, 0xff, 0xff, 0xff, 0xff, 0xff,
    0xff, 0xff, 0x69, 0x0, 0x0, 0x8b, 0xff, 0xff,
    0xff, 0xff, 0xff, 0xff, 0xff, 0xff, 0xff, 0xff,
    0x92, 0x0, 0x0, 0xb4, 0xff, 0xff, 0xff, 0xff,
    0xff, 0xff, 0xff, 0xff, 0xff, 0xff, 0xbb, 0x0,
    0x0, 0xdd, 0xff, 0xff, 0x9d, 0x0, 0x0, 0x0,
    0x0, 0xdf, 0xff, 0xff, 0xe3, 0x0, 0x8, 0xfd,
    0xff, 0xff, 0x79, 0x0, 0x0, 0x0, 0x0, 0xbb,
    0xff, 0xff, 0xff, 0xd, 0x2e, 0xff, 0xff, 0xff,
    0x55, 0x0, 0x0, 0x0, 0x0, 0x97, 0xff, 0xff,
    0xff, 0x35, 0x57, 0xff, 0xff, 0xff, 0x31, 0x0,
    0x0, 0x0, 0x0, 0x73, 0xff, 0xff, 0xff, 0x5e,
    0x80, 0xff, 0xff, 0xff, 0xd, 0x0, 0x0, 0x0,
    0x0, 0x4e, 0xff, 0xff, 0xff, 0x87,

    /* U+0062 "b" */
    0x90, 0xff, 0xff, 0xff, 0xff, 0xff, 0xfa, 0xe7,
    0xb4, 0x4f, 0x0, 0x0, 0x0, 0x90, 0xff, 0xff,
    0xff, 0xff, 0xff, 0xff, 0xff, 0xff, 0xff, 0x8f,
    0x0, 0x0, 0x90, 0xff, 0xff, 0xff, 0xff, 0xff,
    0xff, 0xff, 0xff, 0xff, 0xff, 0x44, 0x0, 0x90,
    0xff, 0xff, 0xff, 0xa9, 0x88, 0x99, 0xef, 0xff,
    0xff, 0xff, 0xa5, 0x0, 0x90, 0xff, 0xff, 0xff,
    0x48, 0x0, 0x0, 0x3f, 0xff, 0xff, 0xff, 0xd9,
    0x0, 0x90, 0xff, 0xff, 0xff, 0x48, 0x0, 0x0,
    0x0, 0xf9, 0xff, 0xff, 0xed, 0x0, 0x90, 0xff,
    0xff, 0xff, 0x48, 0x0, 0x0, 0x0, 0xe8, 0xff,
    0xff, 0xf3, 0x0, 0x90, 0xff, 0xff, 0xff, 0x48,
    0x0, 0x0, 0x0, 0xe9, 0xff, 0xff, 0xe6, 0x0,
    0x90, 0xff, 0xff, 0xff, 0x48, 0x0, 0x0, 0x3,
    0xfb, 0xff, 0xff, 0xcd, 0x0, 0x90, 0xff, 0xff,
    0xff, 0x48, 0x0, 0x0, 0x52, 0xff, 0xff, 0xff,
    0x89, 0x0, 0x90, 0xff, 0xff, 0xff, 0xa6, 0x84,
    0xa3, 0xf9, 0xff, 0xff, 0xf0, 0x1f, 0x0, 0x90,
    0xff, 0xff, 0xff, 0xff, 0xff, 0xff, 0xff, 0xff,
    0xdd, 0x3b, 0x0, 0x0, 0x90, 0xff, 0xff, 0xff,
    0xff, 0xff, 0xff, 0xff, 0xff, 0xed, 0x6a, 0x0,
    0x0, 0x90, 0xff, 0xff, 0xff, 0xff, 0xff, 0xff,
    0xff, 0xff, 0xff, 0xff, 0x61, 0x0, 0x90, 0xff,
    0xff, 0xff, 0x48, 0x0, 0x12, 0x65, 0xfc, 0xff,
    0xff, 0xdf, 0x1, 0x90, 0xff, 0xff, 0xff, 0x48,
    0x0, 0x0, 0x0, 0xb2, 0xff, 0xff, 0xff, 0x2a,
    0x90, 0xff, 0xff, 0xff, 0x48, 0x0, 0x0, 0x0,
    0x8a, 0xff, 0xff, 0xff, 0x44, 0x90, 0xff, 0xff,
    0xff, 0x48, 0x0, 0x0, 0x0, 0x84, 0xff, 0xff,
    0xff, 0x53, 0x90, 0xff, 0xff, 0xff, 0x48, 0x0,
    0x0, 0x0, 0x84, 0xff, 0xff, 0xff, 0x54, 0x90,
    0xff, 0xff, 0xff, 0x48, 0x0, 0x0, 0x0, 0x90,
    0xff, 0xff, 0xff, 0x4e, 0x90, 0xff, 0xff, 0xff,
    0x48, 0x0, 0x0, 0x0, 0xcb, 0xff, 0xff, 0xff,
    0x37, 0x90, 0xff, 0xff, 0xff, 0xa6, 0x84, 0x88,
    0xc3, 0xff, 0xff, 0xff, 0xf5, 0x7, 0x90, 0xff,
    0xff, 0xff, 0xff, 0xff, 0xff, 0xff, 0xff, 0xff,
    0xff, 0x8f, 0x0, 0x90, 0xff, 0xff, 0xff, 0xff,
    0xff, 0xff, 0xff, 0xff, 0xff, 0xc2, 0x9, 0x0,
    0x90, 0xff, 0xff, 0xff, 0xff, 0xff, 0xfd, 0xee,
    0xc0, 0x67, 0x5, 0x0, 0x0,

    /* U+0063 "c" */
    0x0, 0x0, 0x26, 0x9b, 0xde, 0xf8, 0xf3, 0xcf,
    0x7e, 0xf, 0x0, 0x0, 0x0, 0x48, 0xf5, 0xff,
    0xff, 0xff, 0xff, 0xff, 0xff, 0xda, 0x1b, 0x0,
    0x12, 0xef, 0xff, 0xff, 0xff, 0xff, 0xff, 0xff,
    0xff, 0xff, 0xb7, 0x0, 0x71, 0xff, 0xff, 0xff,
    0xf4, 0x99, 0x9d, 0xf8, 0xff, 0xff, 0xff, 0x28,
    0xaf, 0xff, 0xff, 0xff, 0x52, 0x0, 0x0, 0x63,
    0xff, 0xff, 0xff, 0x65, 0xc8, 0xff, 0xff, 0xff,
    0x14, 0x0, 0x0, 0x25, 0xff, 0xff, 0xff, 0x7f,
    0xd0, 0xff, 0xff, 0xff, 0xc, 0x0, 0x0, 0x1c,
    0xff, 0xff, 0xff, 0x88, 0xd0, 0xff, 0xff, 0xff,
    0xc, 0x0, 0x0, 0x1c, 0xff, 0xff, 0xff, 0x88,
    0xd0, 0xff, 0xff, 0xff, 0xc, 0x0, 0x0, 0xf,
    0x90, 0x90, 0x90, 0x4c, 0xd0, 0xff, 0xff, 0xff,
    0xc, 0x0, 0x0, 0x0, 0x0, 0x0, 0x0, 0x0,
    0xd0, 0xff, 0xff, 0xff, 0xc, 0x0, 0x0, 0x0,
    0x0, 0x0, 0x0, 0x0, 0xd0, 0xff, 0xff, 0xff,
    0xc, 0x0, 0x0, 0x0, 0x0, 0x0, 0x0, 0x0,
    0xd0, 0xff, 0xff, 0xff, 0xc, 0x0, 0x0, 0x0,
    0x0, 0x0, 0x0, 0x0, 0xd0, 0xff, 0xff, 0xff,
    0xc, 0x0, 0x0, 0x0, 0x0, 0x0, 0x0, 0x0,
    0xd0, 0xff, 0xff, 0xff, 0xc, 0x0, 0x0, 0x0,
    0x0, 0x0, 0x0, 0x0, 0xd0, 0xff, 0xff, 0xff,
    0xc, 0x0, 0x0, 0xb, 0x6c, 0x6c, 0x6c, 0x39,
    0xd0, 0xff, 0xff, 0xff, 0xc, 0x0, 0x0, 0x1c,
    0xff, 0xff, 0xff, 0x88, 0xd0, 0xff, 0xff, 0xff,
    0xc, 0x0, 0x0, 0x1c, 0xff, 0xff, 0xff, 0x88,
    0xd0, 0xff, 0xff, 0xff, 0xc, 0x0, 0x0, 0x1c,
    0xff, 0xff, 0xff, 0x88, 0xc8, 0xff, 0xff, 0xff,
    0x14, 0x0, 0x0, 0x24, 0xff, 0xff, 0xff, 0x7f,
    0xae, 0xff, 0xff, 0xff, 0x51, 0x0, 0x0, 0x62,
    0xff, 0xff, 0xff, 0x65, 0x71, 0xff, 0xff, 0xff,
    0xf4, 0x9c, 0xa0, 0xf8, 0xff, 0xff, 0xff, 0x28,
    0x12, 0xee, 0xff, 0xff, 0xff, 0xff, 0xff, 0xff,
    0xff, 0xff, 0xb7, 0x0, 0x0, 0x48, 0xf5, 0xff,
    0xff, 0xff, 0xff, 0xff, 0xff, 0xda, 0x1b, 0x0,
    0x0, 0x0, 0x26, 0x9b, 0xde, 0xf8, 0xf4, 0xd0,
    0x7f, 0xf, 0x0, 0x0,

    /* U+0064 "d" */
    0x90, 0xff, 0xff, 0xff, 0xff, 0xff, 0xfb, 0xe6,
    0xae, 0x43, 0x0, 0x0, 0x0, 0x90, 0xff, 0xff,
    0xff, 0xff, 0xff, 0xff, 0xff, 0xff, 0xff, 0x7e,
    0x0, 0x0, 0x90, 0xff, 0xff, 0xff, 0xff, 0xff,
    0xff, 0xff, 0xff, 0xff, 0xff, 0x3f, 0x0, 0x90,
    0xff, 0xff, 0xff, 0xa9, 0x88, 0x94, 0xe6, 0xff,
    0xff, 0xff, 0xac, 0x0, 0x90, 0xff, 0xff, 0xff,
    0x48, 0x0, 0x0, 0x23, 0xfb, 0xff, 0xff, 0xe9,
    0x0, 0x90, 0xff, 0xff, 0xff, 0x48, 0x0, 0x0,
    0x0, 0xda, 0xff, 0xff, 0xff, 0x5, 0x90, 0xff,
    0xff, 0xff, 0x48, 0x0, 0x0, 0x0, 0xcc, 0xff,
    0xff, 0xff, 0xf, 0x90, 0xff, 0xff, 0xff, 0x48,
    0x0, 0x0, 0x0, 0xcc, 0xff, 0xff, 0xff, 0x10,
    0x90, 0xff, 0xff, 0xff, 0x48, 0x0, 0x0, 0x0,
    0xcc, 0xff, 0xff, 0xff, 0x10, 0x90, 0xff, 0xff,
    0xff, 0x48, 0x0, 0x0, 0x0, 0xcc, 0xff, 0xff,
    0xff, 0x10, 0x90, 0xff, 0xff, 0xff, 0x48, 0x0,
    0x0, 0x0, 0xcc, 0xff, 0xff, 0xff, 0x10, 0x90,
    0xff, 0xff, 0xff, 0x48, 0x0, 0x0, 0x0, 0xcc,
    0xff, 0xff, 0xff, 0x10, 0x90, 0xff, 0xff, 0xff,
    0x48, 0x0, 0x0, 0x0, 0xcc, 0xff, 0xff, 0xff,
    0x10, 0x90, 0xff, 0xff, 0xff, 0x48, 0x0, 0x0,
    0x0, 0xcc, 0xff, 0xff, 0xff, 0x10, 0x90, 0xff,
    0xff, 0xff, 0x48, 0x0, 0x0, 0x0, 0xcc, 0xff,
    0xff, 0xff, 0x10, 0x90, 0xff, 0xff, 0xff, 0x48,
    0x0, 0x0, 0x0, 0xcc, 0xff, 0xff, 0xff, 0x10,
    0x90, 0xff, 0xff, 0xff, 0x48, 0x0, 0x0, 0x0,
    0xcc, 0xff, 0xff, 0xff, 0x10, 0x90, 0xff, 0xff,
    0xff, 0x48, 0x0, 0x0, 0x0, 0xcc, 0xff, 0xff,
    0xff, 0x10, 0x90, 0xff, 0xff, 0xff, 0x48, 0x0,
    0x0, 0x0, 0xcc, 0xff, 0xff, 0xff, 0xf, 0x90,
    0xff, 0xff, 0xff, 0x48, 0x0, 0x0, 0x0, 0xda,
    0xff, 0xff, 0xff, 0x5, 0x90, 0xff, 0xff, 0xff,
    0x48, 0x0, 0x0, 0x21, 0xfb, 0xff, 0xff, 0xe9,
    0x0, 0x90, 0xff, 0xff, 0xff, 0xa6, 0x84, 0x90,
    0xe4, 0xff, 0xff, 0xff, 0xac, 0x0, 0x90, 0xff,
    0xff, 0xff, 0xff, 0xff, 0xff, 0xff, 0xff, 0xff,
    0xff, 0x40, 0x0, 0x90, 0xff, 0xff, 0xff, 0xff,
    0xff, 0xff, 0xff, 0xff, 0xff, 0x82, 0x0, 0x0,
    0x90, 0xff, 0xff, 0xff, 0xff, 0xff, 0xfb, 0xe7,
    0xb0, 0x45, 0x0, 0x0, 0x0,

    /* U+0065 "e" */
    0x90, 0xff, 0xff, 0xff, 0xff, 0xff, 0xff, 0xff,
    0xff, 0xff, 0xf0, 0x90, 0xff, 0xff, 0xff, 0xff,
    0xff, 0xff, 0xff, 0xff, 0xff, 0xf0, 0x90, 0xff,
    0xff, 0xff, 0xff, 0xff, 0xff, 0xff, 0xff, 0xff,
    0xf0, 0x90, 0xff, 0xff, 0xff, 0xa9, 0x88, 0x88,
    0x88, 0x88, 0x88, 0x7f, 0x90, 0xff, 0xff, 0xff,
    0x48, 0x0, 0x0, 0x0, 0x0, 0x0, 0x0, 0x90,
    0xff, 0xff, 0xff, 0x48, 0x0, 0x0, 0x0, 0x0,
    0x0, 0x0, 0x90, 0xff, 0xff, 0xff, 0x48, 0x0,
    0x0, 0x0, 0x0, 0x0, 0x0, 0x90, 0xff, 0xff,
    0xff, 0x48, 0x0, 0x0, 0x0, 0x0, 0x0, 0x0,
    0x90, 0xff, 0xff, 0xff, 0x48, 0x0, 0x0, 0x0,
    0x0, 0x0, 0x0, 0x90, 0xff, 0xff, 0xff, 0x48,
    0x0, 0x0, 0x0, 0x0, 0x0, 0x0, 0x90, 0xff,
    0xff, 0xff, 0xa6, 0x84, 0x84, 0x84, 0x84, 0x4a,
    0x0, 0x90, 0xff, 0xff, 0xff, 0xff, 0xff, 0xff,
    0xff, 0xff, 0x90, 0x0, 0x90, 0xff, 0xff, 0xff,
    0xff, 0xff, 0xff, 0xff, 0xff, 0x90, 0x0, 0x90,
    0xff, 0xff, 0xff, 0xff, 0xff, 0xff, 0xff, 0xff,
    0x90, 0x0, 0x90, 0xff, 0xff, 0xff, 0x48, 0x0,
    0x0, 0x0, 0x0, 0x0, 0x0, 0x90, 0xff, 0xff,
    0xff, 0x48, 0x0, 0x0, 0x0, 0x0, 0x0, 0x0,
    0x90, 0xff, 0xff, 0xff, 0x48, 0x0, 0x0, 0x0,
    0x0, 0x0, 0x0, 0x90, 0xff, 0xff, 0xff, 0x48,
    0x0, 0x0, 0x0, 0x0, 0x0, 0x0, 0x90, 0xff,
    0xff, 0xff, 0x48, 0x0, 0x0, 0x0, 0x0, 0x0,
    0x0, 0x90, 0xff, 0xff, 0xff, 0x48, 0x0, 0x0,
    0x0, 0x0, 0x0, 0x0, 0x90, 0xff, 0xff, 0xff,
    0x48, 0x0, 0x0, 0x0, 0x0, 0x0, 0x0, 0x90,
    0xff, 0xff, 0xff, 0xa6, 0x84, 0x84, 0x84, 0x84,
    0x84, 0x7b, 0x90, 0xff, 0xff, 0xff, 0xff, 0xff,
    0xff, 0xff, 0xff, 0xff, 0xf0, 0x90, 0xff, 0xff,
    0xff, 0xff, 0xff, 0xff, 0xff, 0xff, 0xff, 0xf0,
    0x90, 0xff, 0xff, 0xff, 0xff, 0xff, 0xff, 0xff,
    0xff, 0xff, 0xf0,

    /* U+0066 "f" */
    0x90, 0xff, 0xff, 0xff, 0xff, 0xff, 0xff, 0xff,
    0xff, 0xff, 0xa0, 0x90, 0xff, 0xff, 0xff, 0xff,
    0xff, 0xff, 0xff, 0xff, 0xff, 0xa0, 0x90, 0xff,
    0xff, 0xff, 0xff, 0xff, 0xff, 0xff, 0xff, 0xff,
    0xa0, 0x90, 0xff, 0xff, 0xff, 0xa9, 0x88, 0x88,
    0x88, 0x88, 0x88, 0x55, 0x90, 0xff, 0xff, 0xff,
    0x48, 0x0, 0x0, 0x0, 0x0, 0x0, 0x0, 0x90,
    0xff, 0xff, 0xff, 0x48, 0x0, 0x0, 0x0, 0x0,
    0x0, 0x0, 0x90, 0xff, 0xff, 0xff, 0x48, 0x0,
    0x0, 0x0, 0x0, 0x0, 0x0, 0x90, 0xff, 0xff,
    0xff, 0x48, 0x0, 0x0, 0x0, 0x0, 0x0, 0x0,
    0x90, 0xff, 0xff, 0xff, 0x48, 0x0, 0x0, 0x0,
    0x0, 0x0, 0x0, 0x90, 0xff, 0xff, 0xff, 0x48,
    0x0, 0x0, 0x0, 0x0, 0x0, 0x0, 0x90, 0xff,
    0xff, 0xff, 0x48, 0x0, 0x0, 0x0, 0x0, 0x0,
    0x0, 0x90, 0xff, 0xff, 0xff, 0xff, 0xff, 0xff,
    0xff, 0xff, 0x40, 0x0, 0x90, 0xff, 0xff, 0xff,
    0xff, 0xff, 0xff, 0xff, 0xff, 0x40, 0x0, 0x90,
    0xff, 0xff, 0xff, 0xff, 0xff, 0xff, 0xff, 0xff,
    0x40, 0x0, 0x90, 0xff, 0xff, 0xff, 0xa9, 0x88,
    0x88, 0x88, 0x88, 0x22, 0x0, 0x90, 0xff, 0xff,
    0xff, 0x48, 0x0, 0x0, 0x0, 0x0, 0x0, 0x0,
    0x90, 0xff, 0xff, 0xff, 0x48, 0x0, 0x0, 0x0,
    0x0, 0x0, 0x0, 0x90, 0xff, 0xff, 0xff, 0x48,
    0x0, 0x0, 0x0, 0x0, 0x0, 0x0, 0x90, 0xff,
    0xff, 0xff, 0x48, 0x0, 0x0, 0x0, 0x0, 0x0,
    0x0, 0x90, 0xff, 0xff, 0xff, 0x48, 0x0, 0x0,
    0x0, 0x0, 0x0, 0x0, 0x90, 0xff, 0xff, 0xff,
    0x48, 0x0, 0x0, 0x0, 0x0, 0x0, 0x0, 0x90,
    0xff, 0xff, 0xff, 0x48, 0x0, 0x0, 0x0, 0x0,
    0x0, 0x0, 0x90, 0xff, 0xff, 0xff, 0x48, 0x0,
    0x0, 0x0, 0x0, 0x0, 0x0, 0x90, 0xff, 0xff,
    0xff, 0x48, 0x0, 0x0, 0x0, 0x0, 0x0, 0x0,
    0x90, 0xff, 0xff, 0xff, 0x48, 0x0, 0x0, 0x0,
    0x0, 0x0, 0x0,

    /* U+0067 "g" */
    0x0, 0x0, 0x25, 0x99, 0xdc, 0xf7, 0xf3, 0xd2,
    0x87, 0x15, 0x0, 0x0, 0x0, 0x48, 0xf5, 0xff,
    0xff, 0xff, 0xff, 0xff, 0xff, 0xe6, 0x2a, 0x0,
    0x13, 0xee, 0xff, 0xff, 0xff, 0xff, 0xff, 0xff,
    0xff, 0xff, 0xd4, 0x2, 0x73, 0xff, 0xff, 0xff,
    0xf5, 0x9b, 0x99, 0xf3, 0xff, 0xff, 0xff, 0x47,
    0xb3, 0xff, 0xff, 0xff, 0x50, 0x0, 0x0, 0x48,
    0xff, 0xff, 0xff, 0x84, 0xce, 0xff, 0xff, 0xff,
    0xc, 0x0, 0x0, 0x9, 0xff, 0xff, 0xff, 0x9c,
    0xd7, 0xff, 0xff, 0xff, 0x0, 0x0, 0x0, 0x0,
    0xff, 0xff, 0xff, 0xa4, 0xd8, 0xff, 0xff, 0xff,
    0x0, 0x0, 0x0, 0x0, 0xec, 0xec, 0xec, 0x97,
    0xd8, 0xff, 0xff, 0xff, 0x0, 0x0, 0x0, 0x0,
    0x0, 0x0, 0x0, 0x0, 0xd8, 0xff, 0xff, 0xff,
    0x0, 0x0, 0x0, 0x0, 0x0, 0x0, 0x0, 0x0,
    0xd8, 0xff, 0xff, 0xff, 0x0, 0x0, 0x7b, 0x84,
    0x84, 0x84, 0x84, 0x54, 0xd8, 0xff, 0xff, 0xff,
    0x0, 0x0, 0xf0, 0xff, 0xff, 0xff, 0xff, 0xa4,
    0xd8, 0xff, 0xff, 0xff, 0x0, 0x0, 0xf0, 0xff,
    0xff, 0xff, 0xff, 0xa4, 0xd8, 0xff, 0xff, 0xff,
    0x0, 0x0, 0xf0, 0xff, 0xff, 0xff, 0xff, 0xa4,
    0xd8, 0xff, 0xff, 0xff, 0x0, 0x0, 0x0, 0x0,
    0xff, 0xff, 0xff, 0xa4, 0xd8, 0xff, 0xff, 0xff,
    0x0, 0x0, 0x0, 0x0, 0xff, 0xff, 0xff, 0xa4,
    0xd8, 0xff, 0xff, 0xff, 0x0, 0x0, 0x0, 0x0,
    0xff, 0xff, 0xff, 0xa4, 0xd8, 0xff, 0xff, 0xff,
    0x0, 0x0, 0x0, 0x0, 0xff, 0xff, 0xff, 0xa4,
    0xd7, 0xff, 0xff, 0xff, 0x0, 0x0, 0x0, 0x0,
    0xff, 0xff, 0xff, 0xa3, 0xce, 0xff, 0xff, 0xff,
    0xb, 0x0, 0x0, 0xe, 0xff, 0xff, 0xff, 0x95,
    0xb2, 0xff, 0xff, 0xff, 0x50, 0x0, 0x0, 0x56,
    0xff, 0xff, 0xff, 0x75, 0x72, 0xff, 0xff, 0xff,
    0xf5, 0x9d, 0x9f, 0xf7, 0xff, 0xff, 0xff, 0x33,
    0x13, 0xee, 0xff, 0xff, 0xff, 0xff, 0xff, 0xff,
    0xff, 0xff, 0xbd, 0x0, 0x0, 0x48, 0xf5, 0xff,
    0xff, 0xff, 0xff, 0xff, 0xff, 0xdb, 0x1c, 0x0,
    0x0, 0x0, 0x26, 0x9a, 0xde, 0xf8, 0xf4, 0xd0,
    0x7f, 0xf, 0x0, 0x0,

    /* U+0068 "h" */
    0x90, 0xff, 0xff, 0xff, 0x48, 0x0, 0x0, 0x0,
    0x94, 0xff, 0xff, 0xff, 0x44, 0x90, 0xff, 0xff,
    0xff, 0x48, 0x0, 0x0, 0x0, 0x94, 0xff, 0xff,
    0xff, 0x44, 0x90, 0xff, 0xff, 0xff, 0x48, 0x0,
    0x0, 0x0, 0x94, 0xff, 0xff, 0xff, 0x44, 0x90,
    0xff, 0xff, 0xff, 0x48, 0x0, 0x0, 0x0, 0x94,
    0xff, 0xff, 0xff, 0x44, 0x90, 0xff, 0xff, 0xff,
    0x48, 0x0, 0x0, 0x0, 0x94, 0xff, 0xff, 0xff,
    0x44, 0x90, 0xff, 0xff, 0xff, 0x48, 0x0, 0x0,
    0x0, 0x94, 0xff, 0xff, 0xff, 0x44, 0x90, 0xff,
    0xff, 0xff, 0x48, 0x0, 0x0, 0x0, 0x94, 0xff,
    0xff, 0xff, 0x44, 0x90, 0xff, 0xff, 0xff, 0x48,
    0x0, 0x0, 0x0, 0x94, 0xff, 0xff, 0xff, 0x44,
    0x90, 0xff, 0xff, 0xff, 0x48, 0x0, 0x0, 0x0,
    0x94, 0xff, 0xff, 0xff, 0x44, 0x90, 0xff, 0xff,
    0xff, 0x48, 0x0, 0x0, 0x0, 0x94, 0xff, 0xff,
    0xff, 0x44, 0x90, 0xff, 0xff, 0xff, 0xa6, 0x84,
    0x84, 0x84, 0xcb, 0xff, 0xff, 0xff, 0x44, 0x90,
    0xff, 0xff, 0xff, 0xff, 0xff, 0xff, 0xff, 0xff,
    0xff, 0xff, 0xff, 0x44, 0x90, 0xff, 0xff, 0xff,
    0xff, 0xff, 0xff, 0xff, 0xff, 0xff, 0xff, 0xff,
    0x44, 0x90, 0xff, 0xff, 0xff, 0xff, 0xff, 0xff,
    0xff, 0xff, 0xff, 0xff, 0xff, 0x44, 0x90, 0xff,
    0xff, 0xff, 0x48, 0x0, 0x0, 0x0, 0x94, 0xff,
    0xff, 0xff, 0x44, 0x90, 0xff, 0xff, 0xff, 0x48,
    0x0, 0x0, 0x0, 0x94, 0xff, 0xff, 0xff, 0x44,
    0x90, 0xff, 0xff, 0xff, 0x48, 0x0, 0x0, 0x0,
    0x94, 0xff, 0xff, 0xff, 0x44, 0x90, 0xff, 0xff,
    0xff, 0x48, 0x0, 0x0, 0x0, 0x94, 0xff, 0xff,
    0xff, 0x44, 0x90, 0xff, 0xff, 0xff, 0x48, 0x0,
    0x0, 0x0, 0x94, 0xff, 0xff, 0xff, 0x44, 0x90,
    0xff, 0xff, 0xff, 0x48, 0x0, 0x0, 0x0, 0x94,
    0xff, 0xff, 0xff, 0x44, 0x90, 0xff, 0xff, 0xff,
    0x48, 0x0, 0x0, 0x0, 0x94, 0xff, 0xff, 0xff,
    0x44, 0x90, 0xff, 0xff, 0xff, 0x48, 0x0, 0x0,
    0x0, 0x94, 0xff, 0xff, 0xff, 0x44, 0x90, 0xff,
    0xff, 0xff, 0x48, 0x0, 0x0, 0x0, 0x94, 0xff,
    0xff, 0xff, 0x44, 0x90, 0xff, 0xff, 0xff, 0x48,
    0x0, 0x0, 0x0, 0x94, 0xff, 0xff, 0xff, 0x44,
    0x90, 0xff, 0xff, 0xff, 0x48, 0x0, 0x0, 0x0,
    0x94, 0xff, 0xff, 0xff, 0x44,

    /* U+0069 "i" */
    0x90, 0xff, 0xff, 0xff, 0x48, 0x90, 0xff, 0xff,
    0xff, 0x48, 0x90, 0xff, 0xff, 0xff, 0x48, 0x90,
    0xff, 0xff, 0xff, 0x48, 0x90, 0xff, 0xff, 0xff,
    0x48, 0x90, 0xff, 0xff, 0xff, 0x48, 0x90, 0xff,
    0xff, 0xff, 0x48, 0x90, 0xff, 0xff, 0xff, 0x48,
    0x90, 0xff, 0xff, 0xff, 0x48, 0x90, 0xff, 0xff,
    0xff, 0x48, 0x90, 0xff, 0xff, 0xff, 0x48, 0x90,
    0xff, 0xff, 0xff, 0x48, 0x90, 0xff, 0xff, 0xff,
    0x48, 0x90, 0xff, 0xff, 0xff, 0x48, 0x90, 0xff,
    0xff, 0xff, 0x48, 0x90, 0xff, 0xff, 0xff, 0x48,
    0x90, 0xff, 0xff, 0xff, 0x48, 0x90, 0xff, 0xff,
    0xff, 0x48, 0x90, 0xff, 0xff, 0xff, 0x48, 0x90,
    0xff, 0xff, 0xff, 0x48, 0x90, 0xff, 0xff, 0xff,
    0x48, 0x90, 0xff, 0xff, 0xff, 0x48, 0x90, 0xff,
    0xff, 0xff, 0x48, 0x90, 0xff, 0xff, 0xff, 0x48,
    0x90, 0xff, 0xff, 0xff, 0x48,

    /* U+006A "j" */
    0x0, 0x0, 0x0, 0x0, 0xe8, 0xff, 0xff, 0xf0,
    0x0, 0x0, 0x0, 0x0, 0xe8, 0xff, 0xff, 0xf0,
    0x0, 0x0, 0x0, 0x0, 0xe8, 0xff, 0xff, 0xf0,
    0x0, 0x0, 0x0, 0x0, 0xe8, 0xff, 0xff, 0xf0,
    0x0, 0x0, 0x0, 0x0, 0xe8, 0xff, 0xff, 0xf0,
    0x0, 0x0, 0x0, 0x0, 0xe8, 0xff, 0xff, 0xf0,
    0x0, 0x0, 0x0, 0x0, 0xe8, 0xff, 0xff, 0xf0,
    0x0, 0x0, 0x0, 0x0, 0xe8, 0xff, 0xff, 0xf0,
    0x0, 0x0, 0x0, 0x0, 0xe8, 0xff, 0xff, 0xf0,
    0x0, 0x0, 0x0, 0x0, 0xe8, 0xff, 0xff, 0xf0,
    0x0, 0x0, 0x0, 0x0, 0xe8, 0xff, 0xff, 0xf0,
    0x0, 0x0, 0x0, 0x0, 0xe8, 0xff, 0xff, 0xf0,
    0x0, 0x0, 0x0, 0x0, 0xe8, 0xff, 0xff, 0xf0,
    0x0, 0x0, 0x0, 0x0, 0xe8, 0xff, 0xff, 0xf0,
    0x0, 0x0, 0x0, 0x0, 0xe8, 0xff, 0xff, 0xf0,
    0x0, 0x0, 0x0, 0x0, 0xe8, 0xff, 0xff, 0xf0,
    0x0, 0x0, 0x0, 0x0, 0xe8, 0xff, 0xff, 0xf0,
    0x0, 0x0, 0x0, 0x0, 0xe8, 0xff, 0xff, 0xf0,
    0x0, 0x0, 0x0, 0x0, 0xe8, 0xff, 0xff, 0xef,
    0x0, 0x0, 0x0, 0x0, 0xf5, 0xff, 0xff, 0xe7,
    0x0, 0x0, 0x0, 0x41, 0xff, 0xff, 0xff, 0xd1,
    0x46, 0x8e, 0x9f, 0xf5, 0xff, 0xff, 0xff, 0x9a,
    0x70, 0xff, 0xff, 0xff, 0xff, 0xff, 0xff, 0x38,
    0x70, 0xff, 0xff, 0xff, 0xff, 0xff, 0x84, 0x0,
    0x63, 0xf6, 0xfb, 0xe9, 0xb4, 0x4b, 0x0, 0x0,

    /* U+006B "k" */
    0x90, 0xff, 0xff, 0xff, 0x48, 0x0, 0x0, 0x0,
    0x15, 0xf6, 0xff, 0xff, 0xc7, 0x0, 0x90, 0xff,
    0xff, 0xff, 0x48, 0x0, 0x0, 0x0, 0x83, 0xff,
    0xff, 0xff, 0x48, 0x0, 0x90, 0xff, 0xff, 0xff,
    0x48, 0x0, 0x0, 0xc, 0xee, 0xff, 0xff, 0xc7,
    0x0, 0x0, 0x90, 0xff, 0xff, 0xff, 0x48, 0x0,
    0x0, 0x72, 0xff, 0xff, 0xff, 0x48, 0x0, 0x0,
    0x90, 0xff, 0xff, 0xff, 0x48, 0x0, 0x5, 0xe3,
    0xff, 0xff, 0xc8, 0x0, 0x0, 0x0, 0x90, 0xff,
    0xff, 0xff, 0x48, 0x0, 0x60, 0xff, 0xff, 0xff,
    0x49, 0x0, 0x0, 0x0, 0x90, 0xff, 0xff, 0xff,
    0x48, 0x1, 0xd5, 0xff, 0xff, 0xc8, 0x0, 0x0,
    0x0, 0x0, 0x90, 0xff, 0xff, 0xff, 0x48, 0x4f,
    0xff, 0xff, 0xff, 0x49, 0x0, 0x0, 0x0, 0x0,
    0x90, 0xff, 0xff, 0xff, 0x48, 0xc5, 0xff, 0xff,
    0xc9, 0x0, 0x0, 0x0, 0x0, 0x0, 0x90, 0xff,
    0xff, 0xff, 0x85, 0xff, 0xff, 0xff, 0x8f, 0x0,
    0x0, 0x0, 0x0, 0x0, 0x90, 0xff, 0xff, 0xff,
    0xef, 0xff, 0xff, 0xff, 0xd7, 0x0, 0x0, 0x0,
    0x0, 0x0, 0x90, 0xff, 0xff, 0xff, 0xff, 0xff,
    0xff, 0xff, 0xff, 0x22, 0x0, 0x0, 0x0, 0x0,
    0x90, 0xff, 0xff, 0xff, 0xff, 0xff, 0xff, 0xff,
    0xff, 0x6e, 0x0, 0x0, 0x0, 0x0, 0x90, 0xff,
    0xff, 0xff, 0xff, 0xfe, 0xff, 0xff, 0xff, 0xb9,
    0x0, 0x0, 0x0, 0x0, 0x90, 0xff, 0xff, 0xff,
    0xff, 0x8b, 0xf4, 0xff, 0xff, 0xf8, 0xb, 0x0,
    0x0, 0x0, 0x90, 0xff, 0xff, 0xff, 0xf3, 0x13,
    0xb2, 0xff, 0xff, 0xff, 0x50, 0x0, 0x0, 0x0,
    0x90, 0xff, 0xff, 0xff, 0x89, 0x0, 0x67, 0xff,
    0xff, 0xff, 0x9b, 0x0, 0x0, 0x0, 0x90, 0xff,
    0xff, 0xff, 0x48, 0x0, 0x1d, 0xff, 0xff, 0xff,
    0xe5, 0x1, 0x0, 0x0, 0x90, 0xff, 0xff, 0xff,
    0x48, 0x0, 0x0, 0xd2, 0xff, 0xff, 0xff, 0x32,
    0x0, 0x0, 0x90, 0xff, 0xff, 0xff, 0x48, 0x0,
    0x0, 0x87, 0xff, 0xff, 0xff, 0x7d, 0x0, 0x0,
    0x90, 0xff, 0xff, 0xff, 0x48, 0x0, 0x0, 0x3c,
    0xff, 0xff, 0xff, 0xc8, 0x0, 0x0, 0x90, 0xff,
    0xff, 0xff, 0x48, 0x0, 0x0, 0x3, 0xee, 0xff,
    0xff, 0xfd, 0x16, 0x0, 0x90, 0xff, 0xff, 0xff,
    0x48, 0x0, 0x0, 0x0, 0xa7, 0xff, 0xff, 0xff,
    0x5f, 0x0, 0x90, 0xff, 0xff, 0xff, 0x48, 0x0,
    0x0, 0x0, 0x5c, 0xff, 0xff, 0xff, 0xaa, 0x0,
    0x90, 0xff, 0xff, 0xff, 0x48, 0x0, 0x0, 0x0,
    0x14, 0xfd, 0xff, 0xff, 0xf0, 0x5,

    /* U+006C "l" */
    0x90, 0xff, 0xff, 0xff, 0x48, 0x0, 0x0, 0x0,
    0x0, 0x0, 0x0, 0x90, 0xff, 0xff, 0xff, 0x48,
    0x0, 0x0, 0x0, 0x0, 0x0, 0x0, 0x90, 0xff,
    0xff, 0xff, 0x48, 0x0, 0x0, 0x0, 0x0, 0x0,
    0x0, 0x90, 0xff, 0xff, 0xff, 0x48, 0x0, 0x0,
    0x0, 0x0, 0x0, 0x0, 0x90, 0xff, 0xff, 0xff,
    0x48, 0x0, 0x0, 0x0, 0x0, 0x0, 0x0, 0x90,
    0xff, 0xff, 0xff, 0x48, 0x0, 0x0, 0x0, 0x0,
    0x0, 0x0, 0x90, 0xff, 0xff, 0xff, 0x48, 0x0,
    0x0, 0x0, 0x0, 0x0, 0x0, 0x90, 0xff, 0xff,
    0xff, 0x48, 0x0, 0x0, 0x0, 0x0, 0x0, 0x0,
    0x90, 0xff, 0xff, 0xff, 0x48, 0x0, 0x0, 0x0,
    0x0, 0x0, 0x0, 0x90, 0xff, 0xff, 0xff, 0x48,
    0x0, 0x0, 0x0, 0x0, 0x0, 0x0, 0x90, 0xff,
    0xff, 0xff, 0x48, 0x0, 0x0, 0x0, 0x0, 0x0,
    0x0, 0x90, 0xff, 0xff, 0xff, 0x48, 0x0, 0x0,
    0x0, 0x0, 0x0, 0x0, 0x90, 0xff, 0xff, 0xff,
    0x48, 0x0, 0x0, 0x0, 0x0, 0x0, 0x0, 0x90,
    0xff, 0xff, 0xff, 0x48, 0x0, 0x0, 0x0, 0x0,
    0x0, 0x0, 0x90, 0xff, 0xff, 0xff, 0x48, 0x0,
    0x0, 0x0, 0x0, 0x0, 0x0, 0x90, 0xff, 0xff,
    0xff, 0x48, 0x0, 0x0, 0x0, 0x0, 0x0, 0x0,
    0x90, 0xff, 0xff, 0xff, 0x48, 0x0, 0x0, 0x0,
    0x0, 0x0, 0x0, 0x90, 0xff, 0xff, 0xff, 0x48,
    0x0, 0x0, 0x0, 0x0, 0x0, 0x0, 0x90, 0xff,
    0xff, 0xff, 0x48, 0x0, 0x0, 0x0, 0x0, 0x0,
    0x0, 0x90, 0xff, 0xff, 0xff, 0x48, 0x0, 0x0,
    0x0, 0x0, 0x0, 0x0, 0x90, 0xff, 0xff, 0xff,
    0x48, 0x0, 0x0, 0x0, 0x0, 0x0, 0x0, 0x90,
    0xff, 0xff, 0xff, 0xa6, 0x84, 0x84, 0x84, 0x84,
    0x84, 0x52, 0x90, 0xff, 0xff, 0xff, 0xff, 0xff,
    0xff, 0xff, 0xff, 0xff, 0xa0, 0x90, 0xff, 0xff,
    0xff, 0xff, 0xff, 0xff, 0xff, 0xff, 0xff, 0xa0,
    0x90, 0xff, 0xff, 0xff, 0xff, 0xff, 0xff, 0xff,
    0xff, 0xff, 0xa0,

    /* U+006D "m" */
    0x90, 0xff, 0xff, 0xff, 0xff, 0xfc, 0x4, 0x0,
    0x0, 0x0, 0x2a, 0xff, 0xff, 0xff, 0xff, 0xff,
    0x64, 0x90, 0xff, 0xff, 0xff, 0xff, 0xff, 0x23,
    0x0, 0x0, 0x0, 0x4d, 0xff, 0xff, 0xff, 0xff,
    0xff, 0x64, 0x90, 0xff, 0xff, 0xff, 0xff, 0xff,
    0x46, 0x0, 0x0, 0x0, 0x70, 0xff, 0xff, 0xff,
    0xff, 0xff, 0x64, 0x90, 0xff, 0xff, 0xff, 0xff,
    0xff, 0x69, 0x0, 0x0, 0x0, 0x93, 0xff, 0xff,
    0xff, 0xff, 0xff, 0x64, 0x90, 0xff, 0xff, 0xff,
    0xff, 0xff, 0x8c, 0x0, 0x0, 0x0, 0xb6, 0xff,
    0xff, 0xff, 0xff, 0xff, 0x64, 0x90, 0xff, 0xff,
    0xff, 0xff, 0xff, 0xaf, 0x0, 0x0, 0x0, 0xd9,
    0xff, 0xff, 0xff, 0xff, 0xff, 0x64, 0x90, 0xff,
    0xff, 0xe1, 0xff, 0xff, 0xd2, 0x0, 0x0, 0x2,
    0xf9, 0xff, 0xe1, 0xff, 0xff, 0xff, 0x64, 0x90,
    0xff, 0xff, 0xcc, 0xee, 0xff, 0xf4, 0x0, 0x0,
    0x1f, 0xff, 0xff, 0xba, 0xff, 0xff, 0xff, 0x64,
    0x90, 0xff, 0xff, 0xcc, 0xc8, 0xff, 0xff, 0x18,
    0x0, 0x42, 0xff, 0xff, 0x94, 0xff, 0xff, 0xff,
    0x64, 0x90, 0xff, 0xff, 0xcc, 0xa2, 0xff, 0xff,
    0x3a, 0x0, 0x66, 0xff, 0xff, 0x6e, 0xff, 0xff,
    0xff, 0x64, 0x90, 0xff, 0xff, 0xcc, 0x7c, 0xff,
    0xff, 0x5d, 0x0, 0x89, 0xff, 0xfe, 0x49, 0xff,
    0xff, 0xff, 0x64, 0x90, 0xff, 0xff, 0xcc, 0x56,
    0xff, 0xff, 0x80, 0x0, 0xac, 0xff, 0xe2, 0x40,
    0xff, 0xff, 0xff, 0x64, 0x90, 0xff, 0xff, 0xcc,
    0x30, 0xff, 0xff, 0xa3, 0x0, 0xcf, 0xff, 0xbc,
    0x40, 0xff, 0xff, 0xff, 0x64, 0x90, 0xff, 0xff,
    0xcc, 0xa, 0xfe, 0xff, 0xc6, 0x0, 0xf2, 0xff,
    0x97, 0x40, 0xff, 0xff, 0xff, 0x64, 0x90, 0xff,
    0xff, 0xcc, 0x0, 0xe4, 0xff, 0xe9, 0x15, 0xff,
    0xff, 0x71, 0x40, 0xff, 0xff, 0xff, 0x64, 0x90,
    0xff, 0xff, 0xcc, 0x0, 0xbe, 0xff, 0xff, 0x45,
    0xff, 0xff, 0x4b, 0x40, 0xff, 0xff, 0xff, 0x64,
    0x90, 0xff, 0xff, 0xcc, 0x0, 0x98, 0xff, 0xff,
    0x8a, 0xff, 0xff, 0x25, 0x40, 0xff, 0xff, 0xff,
    0x64, 0x90, 0xff, 0xff, 0xcc, 0x0, 0x72, 0xff,
    0xff, 0xd2, 0xff, 0xfa, 0x4, 0x40, 0xff, 0xff,
    0xff, 0x64, 0x90, 0xff, 0xff, 0xcc, 0x0, 0x4c,
    0xff, 0xff, 0xff, 0xff, 0xd9, 0x0, 0x40, 0xff,
    0xff, 0xff, 0x64, 0x90, 0xff, 0xff, 0xcc, 0x0,
    0x26, 0xff, 0xff, 0xff, 0xff, 0xb4, 0x0, 0x40,
    0xff, 0xff, 0xff, 0x64, 0x90, 0xff, 0xff, 0xcc,
    0x0, 0x4, 0xfb, 0xff, 0xff, 0xff, 0x8e, 0x0,
    0x40, 0xff, 0xff, 0xff, 0x64, 0x90, 0xff, 0xff,
    0xcc, 0x0, 0x0, 0xda, 0xff, 0xff, 0xff, 0x68,
    0x0, 0x40, 0xff, 0xff, 0xff, 0x64, 0x90, 0xff,
    0xff, 0xcc, 0x0, 0x0, 0xb4, 0xff, 0xff, 0xff,
    0x42, 0x0, 0x40, 0xff, 0xff, 0xff, 0x64, 0x90,
    0xff, 0xff, 0xcc, 0x0, 0x0, 0x8e, 0xff, 0xff,
    0xff, 0x1c, 0x0, 0x40, 0xff, 0xff, 0xff, 0x64,
    0x90, 0xff, 0xff, 0xcc, 0x0, 0x0, 0x67, 0xff,
    0xff, 0xf5, 0x1, 0x0, 0x40, 0xff, 0xff, 0xff,
    0x64,

    /* U+006E "n" */
    0x90, 0xff, 0xff, 0xff, 0xff, 0x63, 0x0, 0x0,
    0x0, 0xec, 0xff, 0xff, 0x84, 0x90, 0xff, 0xff,
    0xff, 0xff, 0xa4, 0x0, 0x0, 0x0, 0xec, 0xff,
    0xff, 0x84, 0x90, 0xff, 0xff, 0xff, 0xff, 0xe3,
    0x0, 0x0, 0x0, 0xec, 0xff, 0xff, 0x84, 0x90,
    0xff, 0xff, 0xff, 0xff, 0xff, 0x24, 0x0, 0x0,
    0xec, 0xff, 0xff, 0x84, 0x90, 0xff, 0xff, 0xff,
    0xff, 0xff, 0x64, 0x0, 0x0, 0xec, 0xff, 0xff,
    0x84, 0x90, 0xff, 0xff, 0xff, 0xff, 0xff, 0xa4,
    0x0, 0x0, 0xec, 0xff, 0xff, 0x84, 0x90, 0xff,
    0xff, 0xf9, 0xff, 0xff, 0xe4, 0x0, 0x0, 0xec,
    0xff, 0xff, 0x84, 0x90, 0xff, 0xff, 0xdc, 0xdf,
    0xff, 0xff, 0x24, 0x0, 0xec, 0xff, 0xff, 0x84,
    0x90, 0xff, 0xff, 0xdc, 0x9f, 0xff, 0xff, 0x65,
    0x0, 0xec, 0xff, 0xff, 0x84, 0x90, 0xff, 0xff,
    0xdc, 0x5e, 0xff, 0xff, 0xa5, 0x0, 0xec, 0xff,
    0xff, 0x84, 0x90, 0xff, 0xff, 0xdc, 0x1d, 0xff,
    0xff, 0xe4, 0x0, 0xec, 0xff, 0xff, 0x84, 0x90,
    0xff, 0xff, 0xdc, 0x0, 0xdc, 0xff, 0xff, 0x25,
    0xec, 0xff, 0xff, 0x84, 0x90, 0xff, 0xff, 0xdc,
    0x0, 0x9b, 0xff, 0xff, 0x65, 0xec, 0xff, 0xff,
    0x84, 0x90, 0xff, 0xff, 0xdc, 0x0, 0x5a, 0xff,
    0xff, 0xa5, 0xec, 0xff, 0xff, 0x84, 0x90, 0xff,
    0xff, 0xdc, 0x0, 0x19, 0xff, 0xff, 0xe5, 0xec,
    0xff, 0xff, 0x84, 0x90, 0xff, 0xff, 0xdc, 0x0,
    0x0, 0xd8, 0xff, 0xff, 0xff, 0xff, 0xff, 0x84,
    0x90, 0xff, 0xff, 0xdc, 0x0, 0x0, 0x98, 0xff,
    0xff, 0xff, 0xff, 0xff, 0x84, 0x90, 0xff, 0xff,
    0xdc, 0x0, 0x0, 0x57, 0xff, 0xff, 0xff, 0xff,
    0xff, 0x84, 0x90, 0xff, 0xff, 0xdc, 0x0, 0x0,
    0x16, 0xff, 0xff, 0xff, 0xff, 0xff, 0x84, 0x90,
    0xff, 0xff, 0xdc, 0x0, 0x0, 0x0, 0xd5, 0xff,
    0xff, 0xff, 0xff, 0x84, 0x90, 0xff, 0xff, 0xdc,
    0x0, 0x0, 0x0, 0x94, 0xff, 0xff, 0xff, 0xff,
    0x84, 0x90, 0xff, 0xff, 0xdc, 0x0, 0x0, 0x0,
    0x53, 0xff, 0xff, 0xff, 0xff, 0x84, 0x90, 0xff,
    0xff, 0xdc, 0x0, 0x0, 0x0, 0x13, 0xfe, 0xff,
    0xff, 0xff, 0x84, 0x90, 0xff, 0xff, 0xdc, 0x0,
    0x0, 0x0, 0x0, 0xd1, 0xff, 0xff, 0xff, 0x84,
    0x90, 0xff, 0xff, 0xdc, 0x0, 0x0, 0x0, 0x0,
    0x90, 0xff, 0xff, 0xff, 0x84,

    /* U+006F "o" */
    0x0, 0x0, 0x1e, 0x92, 0xd8, 0xf5, 0xf6, 0xd8,
    0x91, 0x1d, 0x0, 0x0, 0x0, 0x3f, 0xf1, 0xff,
    0xff, 0xff, 0xff, 0xff, 0xff, 0xef, 0x3d, 0x0,
    0xf, 0xea, 0xff, 0xff, 0xff, 0xff, 0xff, 0xff,
    0xff, 0xff, 0xe9, 0xe, 0x6f, 0xff, 0xff, 0xff,
    0xf5, 0x9b, 0x9b, 0xf5, 0xff, 0xff, 0xff, 0x6e,
    0xb1, 0xff, 0xff, 0xff, 0x50, 0x0, 0x0, 0x50,
    0xff, 0xff, 0xff, 0xaf, 0xce, 0xff, 0xff, 0xff,
    0xc, 0x0, 0x0, 0xc, 0xff, 0xff, 0xff, 0xcd,
    0xd7, 0xff, 0xff, 0xff, 0x0, 0x0, 0x0, 0x0,
    0xff, 0xff, 0xff, 0xd7, 0xd8, 0xff, 0xff, 0xff,
    0x0, 0x0, 0x0, 0x0, 0xff, 0xff, 0xff, 0xd8,
    0xd8, 0xff, 0xff, 0xff, 0x0, 0x0, 0x0, 0x0,
    0xff, 0xff, 0xff, 0xd8, 0xd8, 0xff, 0xff, 0xff,
    0x0, 0x0, 0x0, 0x0, 0xff, 0xff, 0xff, 0xd8,
    0xd8, 0xff, 0xff, 0xff, 0x0, 0x0, 0x0, 0x0,
    0xff, 0xff, 0xff, 0xd8, 0xd8, 0xff, 0xff, 0xff,
    0x0, 0x0, 0x0, 0x0, 0xff, 0xff, 0xff, 0xd8,
    0xd8, 0xff, 0xff, 0xff, 0x0, 0x0, 0x0, 0x0,
    0xff, 0xff, 0xff, 0xd8, 0xd8, 0xff, 0xff, 0xff,
    0x0, 0x0, 0x0, 0x0, 0xff, 0xff, 0xff, 0xd8,
    0xd8, 0xff, 0xff, 0xff, 0x0, 0x0, 0x0, 0x0,
    0xff, 0xff, 0xff, 0xd8, 0xd8, 0xff, 0xff, 0xff,
    0x0, 0x0, 0x0, 0x0, 0xff, 0xff, 0xff, 0xd8,
    0xd8, 0xff, 0xff, 0xff, 0x0, 0x0, 0x0, 0x0,
    0xff, 0xff, 0xff, 0xd8, 0xd8, 0xff, 0xff, 0xff,
    0x0, 0x0, 0x0, 0x0, 0xff, 0xff, 0xff, 0xd8,
    0xd7, 0xff, 0xff, 0xff, 0x0, 0x0, 0x0, 0x0,
    0xff, 0xff, 0xff, 0xd7, 0xce, 0xff, 0xff, 0xff,
    0xc, 0x0, 0x0, 0xc, 0xff, 0xff, 0xff, 0xcc,
    0xb0, 0xff, 0xff, 0xff, 0x52, 0x0, 0x0, 0x52,
    0xff, 0xff, 0xff, 0xaf, 0x6f, 0xff, 0xff, 0xff,
    0xf6, 0x9e, 0x9e, 0xf6, 0xff, 0xff, 0xff, 0x6d,
    0xf, 0xea, 0xff, 0xff, 0xff, 0xff, 0xff, 0xff,
    0xff, 0xff, 0xe8, 0xe, 0x0, 0x40, 0xf1, 0xff,
    0xff, 0xff, 0xff, 0xff, 0xff, 0xf0, 0x3d, 0x0,
    0x0, 0x0, 0x1f, 0x92, 0xd9, 0xf7, 0xf7, 0xd9,
    0x92, 0x1e, 0x0, 0x0,

    /* U+0070 "p" */
    0x90, 0xff, 0xff, 0xff, 0xff, 0xff, 0xf7, 0xdd,
    0x9c, 0x28, 0x0, 0x0, 0x90, 0xff, 0xff, 0xff,
    0xff, 0xff, 0xff, 0xff, 0xff, 0xf7, 0x4b, 0x0,
    0x90, 0xff, 0xff, 0xff, 0xff, 0xff, 0xff, 0xff,
    0xff, 0xff, 0xef, 0x13, 0x90, 0xff, 0xff, 0xff,
    0xa9, 0x88, 0x99, 0xf1, 0xff, 0xff, 0xff, 0x71,
    0x90, 0xff, 0xff, 0xff, 0x48, 0x0, 0x0, 0x49,
    0xff, 0xff, 0xff, 0xaf, 0x90, 0xff, 0xff, 0xff,
    0x48, 0x0, 0x0, 0xc, 0xff, 0xff, 0xff, 0xcc,
    0x90, 0xff, 0xff, 0xff, 0x48, 0x0, 0x0, 0x0,
    0xff, 0xff, 0xff, 0xd7, 0x90, 0xff, 0xff, 0xff,
    0x48, 0x0, 0x0, 0x0, 0xff, 0xff, 0xff, 0xd8,
    0x90, 0xff, 0xff, 0xff, 0x48, 0x0, 0x0, 0x0,
    0xff, 0xff, 0xff, 0xd7, 0x90, 0xff, 0xff, 0xff,
    0x48, 0x0, 0x0, 0xd, 0xff, 0xff, 0xff, 0xcc,
    0x90, 0xff, 0xff, 0xff, 0x48, 0x0, 0x0, 0x49,
    0xff, 0xff, 0xff, 0xaf, 0x90, 0xff, 0xff, 0xff,
    0xa9, 0x88, 0x99, 0xf1, 0xff, 0xff, 0xff, 0x70,
    0x90, 0xff, 0xff, 0xff, 0xff, 0xff, 0xff, 0xff,
    0xff, 0xff, 0xef, 0x13, 0x90, 0xff, 0xff, 0xff,
    0xff, 0xff, 0xff, 0xff, 0xff, 0xf7, 0x4b, 0x0,
    0x90, 0xff, 0xff, 0xff, 0xff, 0xff, 0xf8, 0xdf,
    0x9d, 0x29, 0x0, 0x0, 0x90, 0xff, 0xff, 0xff,
    0x48, 0x0, 0x0, 0x0, 0x0, 0x0, 0x0, 0x0,
    0x90, 0xff, 0xff, 0xff, 0x48, 0x0, 0x0, 0x0,
    0x0, 0x0, 0x0, 0x0, 0x90, 0xff, 0xff, 0xff,
    0x48, 0x0, 0x0, 0x0, 0x0, 0x0, 0x0, 0x0,
    0x90, 0xff, 0xff, 0xff, 0x48, 0x0, 0x0, 0x0,
    0x0, 0x0, 0x0, 0x0, 0x90, 0xff, 0xff, 0xff,
    0x48, 0x0, 0x0, 0x0, 0x0, 0x0, 0x0, 0x0,
    0x90, 0xff, 0xff, 0xff, 0x48, 0x0, 0x0, 0x0,
    0x0, 0x0, 0x0, 0x0, 0x90, 0xff, 0xff, 0xff,
    0x48, 0x0, 0x0, 0x0, 0x0, 0x0, 0x0, 0x0,
    0x90, 0xff, 0xff, 0xff, 0x48, 0x0, 0x0, 0x0,
    0x0, 0x0, 0x0, 0x0, 0x90, 0xff, 0xff, 0xff,
    0x48, 0x0, 0x0, 0x0, 0x0, 0x0, 0x0, 0x0,
    0x90, 0xff, 0xff, 0xff, 0x48, 0x0, 0x0, 0x0,
    0x0, 0x0, 0x0, 0x0,

    /* U+0071 "q" */
    0x0, 0x0, 0x1e, 0x92, 0xd8, 0xf5, 0xf6, 0xd8,
    0x91, 0x1d, 0x0, 0x0, 0x0, 0x0, 0x3f, 0xf1,
    0xff, 0xff, 0xff, 0xff, 0xff, 0xff, 0xef, 0x3d,
    0x0, 0x0, 0xf, 0xea, 0xff, 0xff, 0xff, 0xff,
    0xff, 0xff, 0xff, 0xff, 0xe8, 0xe, 0x0, 0x6f,
    0xff, 0xff, 0xff, 0xf5, 0x9b, 0x9b, 0xf5, 0xff,
    0xff, 0xff, 0x6d, 0x0, 0xb1, 0xff, 0xff, 0xff,
    0x50, 0x0, 0x0, 0x50, 0xff, 0xff, 0xff, 0xaf,
    0x0, 0xce, 0xff, 0xff, 0xff, 0xc, 0x0, 0x0,
    0xc, 0xff, 0xff, 0xff, 0xcc, 0x0, 0xd7, 0xff,
    0xff, 0xff, 0x0, 0x0, 0x0, 0x0, 0xff, 0xff,
    0xff, 0xd7, 0x0, 0xd8, 0xff, 0xff, 0xff, 0x0,
    0x0, 0x0, 0x0, 0xff, 0xff, 0xff, 0xd8, 0x0,
    0xd8, 0xff, 0xff, 0xff, 0x0, 0x0, 0x0, 0x0,
    0xff, 0xff, 0xff, 0xd8, 0x0, 0xd8, 0xff, 0xff,
    0xff, 0x0, 0x0, 0x0, 0x0, 0xff, 0xff, 0xff,
    0xd8, 0x0, 0xd8, 0xff, 0xff, 0xff, 0x0, 0x0,
    0x0, 0x0, 0xff, 0xff, 0xff, 0xd8, 0x0, 0xd8,
    0xff, 0xff, 0xff, 0x0, 0x0, 0x0, 0x0, 0xff,
    0xff, 0xff, 0xd8, 0x0, 0xd8, 0xff, 0xff, 0xff,
    0x0, 0x0, 0x0, 0x0, 0xff, 0xff, 0xff, 0xd8,
    0x0, 0xd8, 0xff, 0xff, 0xff, 0x0, 0x0, 0x0,
    0x0, 0xff, 0xff, 0xff, 0xd8, 0x0, 0xd8, 0xff,
    0xff, 0xff, 0x0, 0x0, 0x0, 0x0, 0xff, 0xff,
    0xff, 0xd8, 0x0, 0xd8, 0xff, 0xff, 0xff, 0x0,
    0x0, 0x0, 0x0, 0xff, 0xff, 0xff, 0xd8, 0x0,
    0xd8, 0xff, 0xff, 0xff, 0x0, 0x0, 0x0, 0x0,
    0xff, 0xff, 0xff, 0xd8, 0x0, 0xd8, 0xff, 0xff,
    0xff, 0x0, 0x0, 0x0, 0x0, 0xff, 0xff, 0xff,
    0xd8, 0x0, 0xd7, 0xff, 0xff, 0xff, 0x0, 0x0,
    0x0, 0x0, 0xff, 0xff, 0xff, 0xd7, 0x0, 0xce,
    0xff, 0xff, 0xff, 0xc, 0x0, 0x0, 0xc, 0xff,
    0xff, 0xff, 0xce, 0x0, 0xb0, 0xff, 0xff, 0xff,
    0x52, 0x0, 0x0, 0x52, 0xff, 0xff, 0xff, 0xb0,
    0x0, 0x6f, 0xff, 0xff, 0xff, 0xf6, 0x9e, 0x9e,
    0xf6, 0xff, 0xff, 0xff, 0x6e, 0x0, 0xf, 0xea,
    0xff, 0xff, 0xff, 0xff, 0xff, 0xff, 0xff, 0xff,
    0xee, 0x10, 0x0, 0x0, 0x40, 0xf1, 0xff, 0xff,
    0xff, 0xff, 0xff, 0xff, 0xff, 0xfb, 0x9c, 0x6c,
    0x0, 0x0, 0x1f, 0x92, 0xd9, 0xf7, 0xf7, 0xda,
    0xc7, 0xff, 0xff, 0xff, 0xcc, 0x0, 0x0, 0x0,
    0x0, 0x0, 0x0, 0x0, 0x0, 0x18, 0xf3, 0xff,
    0xff, 0xcc, 0x0, 0x0, 0x0, 0x0, 0x0, 0x0,
    0x0, 0x0, 0x0, 0x3b, 0xc6, 0xf6, 0xcc,

    /* U+0072 "r" */
    0x90, 0xff, 0xff, 0xff, 0xff, 0xff, 0xf9, 0xe4,
    0xad, 0x42, 0x0, 0x0, 0x0, 0x90, 0xff, 0xff,
    0xff, 0xff, 0xff, 0xff, 0xff, 0xff, 0xff, 0x77,
    0x0, 0x0, 0x90, 0xff, 0xff, 0xff, 0xff, 0xff,
    0xff, 0xff, 0xff, 0xff, 0xfd, 0x2c, 0x0, 0x90,
    0xff, 0xff, 0xff, 0xa9, 0x88, 0x9e, 0xf7, 0xff,
    0xff, 0xff, 0x8a, 0x0, 0x90, 0xff, 0xff, 0xff,
    0x48, 0x0, 0x0, 0x5a, 0xff, 0xff, 0xff, 0xbd,
    0x0, 0x90, 0xff, 0xff, 0xff, 0x48, 0x0, 0x0,
    0x12, 0xff, 0xff, 0xff, 0xd1, 0x0, 0x90, 0xff,
    0xff, 0xff, 0x48, 0x0, 0x0, 0x0, 0xff, 0xff,
    0xff, 0xd8, 0x0, 0x90, 0xff, 0xff, 0xff, 0x48,
    0x0, 0x0, 0x0, 0xff, 0xff, 0xff, 0xd4, 0x0,
    0x90, 0xff, 0xff, 0xff, 0x48, 0x0, 0x0, 0x8,
    0xff, 0xff, 0xff, 0xbf, 0x0, 0x90, 0xff, 0xff,
    0xff, 0x48, 0x0, 0x0, 0x30, 0xff, 0xff, 0xff,
    0x98, 0x0, 0x90, 0xff, 0xff, 0xff, 0x48, 0x1,
    0x25, 0xbf, 0xff, 0xff, 0xff, 0x43, 0x0, 0x90,
    0xff, 0xff, 0xff, 0xff, 0xff, 0xff, 0xff, 0xff,
    0xff, 0x9b, 0x0, 0x0, 0x90, 0xff, 0xff, 0xff,
    0xff, 0xff, 0xff, 0xff, 0xff, 0xae, 0x1, 0x0,
    0x0, 0x90, 0xff, 0xff, 0xff, 0xff, 0xff, 0xff,
    0xff, 0xff, 0xff, 0xb3, 0x1, 0x0, 0x90, 0xff,
    0xff, 0xff, 0xa9, 0x8a, 0xad, 0xfc, 0xff, 0xff,
    0xff, 0x57, 0x0, 0x90, 0xff, 0xff, 0xff, 0x48,
    0x0, 0x0, 0x5e, 0xff, 0xff, 0xff, 0xa4, 0x0,
    0x90, 0xff, 0xff, 0xff, 0x48, 0x0, 0x0, 0xc,
    0xff, 0xff, 0xff, 0xc8, 0x0, 0x90, 0xff, 0xff,
    0xff, 0x48, 0x0, 0x0, 0x0, 0xf9, 0xff, 0xff,
    0xda, 0x0, 0x90, 0xff, 0xff, 0xff, 0x48, 0x0,
    0x0, 0x0, 0xf8, 0xff, 0xff, 0xe0, 0x0, 0x90,
    0xff, 0xff, 0xff, 0x48, 0x0, 0x0, 0x0, 0xf8,
    0xff, 0xff, 0xe0, 0x0, 0x90, 0xff, 0xff, 0xff,
    0x48, 0x0, 0x0, 0x0, 0xf8, 0xff, 0xff, 0xe0,
    0x0, 0x90, 0xff, 0xff, 0xff, 0x48, 0x0, 0x0,
    0x0, 0xf8, 0xff, 0xff, 0xe0, 0x0, 0x90, 0xff,
    0xff, 0xff, 0x48, 0x0, 0x0, 0x0, 0xf7, 0xff,
    0xff, 0xe2, 0x0, 0x90, 0xff, 0xff, 0xff, 0x48,
    0x0, 0x0, 0x0, 0xed, 0xff, 0xff, 0xee, 0x0,
    0x90, 0xff, 0xff, 0xff, 0x48, 0x0, 0x0, 0x0,
    0xc0, 0xff, 0xff, 0xff, 0x28,

    /* U+0073 "s" */
    0x0, 0x0, 0x0, 0x4a, 0xb3, 0xe8, 0xfa, 0xec,
    0xbb, 0x58, 0x0, 0x0, 0x0, 0x0, 0x0, 0x8e,
    0xff, 0xff, 0xff, 0xff, 0xff, 0xff, 0xff, 0x9e,
    0x0, 0x0, 0x0, 0x53, 0xff, 0xff, 0xff, 0xff,
    0xff, 0xff, 0xff, 0xff, 0xff, 0x5d, 0x0, 0x0,
    0xc5, 0xff, 0xff, 0xff, 0xd6, 0x8f, 0xbf, 0xff,
    0xff, 0xff, 0xcc, 0x0, 0x8, 0xfb, 0xff, 0xff,
    0xed, 0xd, 0x0, 0x0, 0xbf, 0xff, 0xff, 0xfd,
    0xc, 0x1f, 0xff, 0xff, 0xff, 0xba, 0x0, 0x0,
    0x0, 0x80, 0xff, 0xff, 0xff, 0x25, 0x19, 0xff,
    0xff, 0xff, 0xc7, 0x0, 0x0, 0x0, 0x74, 0xff,
    0xff, 0xff, 0x2f, 0x1, 0xf9, 0xff, 0xff, 0xf6,
    0x14, 0x0, 0x0, 0x10, 0x24, 0x24, 0x24, 0x6,
    0x0, 0xbc, 0xff, 0xff, 0xff, 0x90, 0x0, 0x0,
    0x0, 0x0, 0x0, 0x0, 0x0, 0x0, 0x56, 0xff,
    0xff, 0xff, 0xff, 0x61, 0x0, 0x0, 0x0, 0x0,
    0x0, 0x0, 0x0, 0x1, 0xc2, 0xff, 0xff, 0xff,
    0xfd, 0x66, 0x0, 0x0, 0x0, 0x0, 0x0, 0x0,
    0x0, 0x18, 0xe1, 0xff, 0xff, 0xff, 0xff, 0x7d,
    0x0, 0x0, 0x0, 0x0, 0x0, 0x0, 0x0, 0x24,
    0xe3, 0xff, 0xff, 0xff, 0xff, 0x85, 0x0, 0x0,
    0x0, 0x0, 0x0, 0x0, 0x0, 0x1e, 0xd7, 0xff,
    0xff, 0xff, 0xff, 0x68, 0x0, 0x0, 0x0, 0x0,
    0x0, 0x0, 0x0, 0x13, 0xce, 0xff, 0xff, 0xff,
    0xf7, 0x25, 0x0, 0x0, 0x0, 0x0, 0x0, 0x0,
    0x0, 0x14, 0xdd, 0xff, 0xff, 0xff, 0x94, 0x0,
    0x0, 0x0, 0x0, 0x0, 0x0, 0x0, 0x0, 0x41,
    0xff, 0xff, 0xff, 0xed, 0x3, 0x1f, 0x88, 0x88,
    0x88, 0x37, 0x0, 0x0, 0x0, 0xd6, 0xff, 0xff,
    0xff, 0x1b, 0x3b, 0xff, 0xff, 0xff, 0x68, 0x0,
    0x0, 0x0, 0xa9, 0xff, 0xff, 0xff, 0x36, 0x32,
    0xff, 0xff, 0xff, 0x73, 0x0, 0x0, 0x0, 0xa5,
    0xff, 0xff, 0xff, 0x34, 0x16, 0xff, 0xff, 0xff,
    0xb7, 0x0, 0x0, 0x7, 0xe1, 0xff, 0xff, 0xff,
    0x17, 0x0, 0xd7, 0xff, 0xff, 0xff, 0xc1, 0x92,
    0xd3, 0xff, 0xff, 0xff, 0xd6, 0x0, 0x0, 0x67,
    0xff, 0xff, 0xff, 0xff, 0xff, 0xff, 0xff, 0xff,
    0xff, 0x63, 0x0, 0x0, 0x1, 0xa6, 0xff, 0xff,
    0xff, 0xff, 0xff, 0xff, 0xff, 0x9d, 0x0, 0x0,
    0x0, 0x0, 0x1, 0x5b, 0xbd, 0xed, 0xfb, 0xeb,
    0xb7, 0x52, 0x0, 0x0, 0x0,

    /* U+0074 "t" */
    0x94, 0xff, 0xff, 0xff, 0xff, 0xff, 0xff, 0xff,
    0xff, 0xff, 0xff, 0xff, 0x50, 0x94, 0xff, 0xff,
    0xff, 0xff, 0xff, 0xff, 0xff, 0xff, 0xff, 0xff,
    0xff, 0x50, 0x94, 0xff, 0xff, 0xff, 0xff, 0xff,
    0xff, 0xff, 0xff, 0xff, 0xff, 0xff, 0x50, 0x4e,
    0x88, 0x88, 0x88, 0xcb, 0xff, 0xff, 0xff, 0xab,
    0x88, 0x88, 0x88, 0x2a, 0x0, 0x0, 0x0, 0x0,
    0x90, 0xff, 0xff, 0xff, 0x4c, 0x0, 0x0, 0x0,
    0x0, 0x0, 0x0, 0x0, 0x0, 0x90, 0xff, 0xff,
    0xff, 0x4c, 0x0, 0x0, 0x0, 0x0, 0x0, 0x0,
    0x0, 0x0, 0x90, 0xff, 0xff, 0xff, 0x4c, 0x0,
    0x0, 0x0, 0x0, 0x0, 0x0, 0x0, 0x0, 0x90,
    0xff, 0xff, 0xff, 0x4c, 0x0, 0x0, 0x0, 0x0,
    0x0, 0x0, 0x0, 0x0, 0x90, 0xff, 0xff, 0xff,
    0x4c, 0x0, 0x0, 0x0, 0x0, 0x0, 0x0, 0x0,
    0x0, 0x90, 0xff, 0xff, 0xff, 0x4c, 0x0, 0x0,
    0x0, 0x0, 0x0, 0x0, 0x0, 0x0, 0x90, 0xff,
    0xff, 0xff, 0x4c, 0x0, 0x0, 0x0, 0x0, 0x0,
    0x0, 0x0, 0x0, 0x90, 0xff, 0xff, 0xff, 0x4c,
    0x0, 0x0, 0x0, 0x0, 0x0, 0x0, 0x0, 0x0,
    0x90, 0xff, 0xff, 0xff, 0x4c, 0x0, 0x0, 0x0,
    0x0, 0x0, 0x0, 0x0, 0x0, 0x90, 0xff, 0xff,
    0xff, 0x4c, 0x0, 0x0, 0x0, 0x0, 0x0, 0x0,
    0x0, 0x0, 0x90, 0xff, 0xff, 0xff, 0x4c, 0x0,
    0x0, 0x0, 0x0, 0x0, 0x0, 0x0, 0x0, 0x90,
    0xff, 0xff, 0xff, 0x4c, 0x0, 0x0, 0x0, 0x0,
    0x0, 0x0, 0x0, 0x0, 0x90, 0xff, 0xff, 0xff,
    0x4c, 0x0, 0x0, 0x0, 0x0, 0x0, 0x0, 0x0,
    0x0, 0x90, 0xff, 0xff, 0xff, 0x4c, 0x0, 0x0,
    0x0, 0x0, 0x0, 0x0, 0x0, 0x0, 0x90, 0xff,
    0xff, 0xff, 0x4c, 0x0, 0x0, 0x0, 0x0, 0x0,
    0x0, 0x0, 0x0, 0x90, 0xff, 0xff, 0xff, 0x4c,
    0x0, 0x0, 0x0, 0x0, 0x0, 0x0, 0x0, 0x0,
    0x90, 0xff, 0xff, 0xff, 0x4c, 0x0, 0x0, 0x0,
    0x0, 0x0, 0x0, 0x0, 0x0, 0x90, 0xff, 0xff,
    0xff, 0x4c, 0x0, 0x0, 0x0, 0x0, 0x0, 0x0,
    0x0, 0x0, 0x90, 0xff, 0xff, 0xff, 0x4c, 0x0,
    0x0, 0x0, 0x0, 0x0, 0x0, 0x0, 0x0, 0x90,
    0xff, 0xff, 0xff, 0x4c, 0x0, 0x0, 0x0, 0x0,
    0x0, 0x0, 0x0, 0x0, 0x90, 0xff, 0xff, 0xff,
    0x4c, 0x0, 0x0, 0x0, 0x0,

    /* U+0075 "u" */
    0xb4, 0xff, 0xff, 0xff, 0x24, 0x0, 0x0, 0x0,
    0xf0, 0xff, 0xff, 0xc8, 0xb4, 0xff, 0xff, 0xff,
    0x24, 0x0, 0x0, 0x0, 0xf0, 0xff, 0xff, 0xc8,
    0xb4, 0xff, 0xff, 0xff, 0x24, 0x0, 0x0, 0x0,
    0xf0, 0xff, 0xff, 0xc8, 0xb4, 0xff, 0xff, 0xff,
    0x24, 0x0, 0x0, 0x0, 0xf0, 0xff, 0xff, 0xc8,
    0xb4, 0xff, 0xff, 0xff, 0x24, 0x0, 0x0, 0x0,
    0xf0, 0xff, 0xff, 0xc8, 0xb4, 0xff, 0xff, 0xff,
    0x24, 0x0, 0x0, 0x0, 0xf0, 0xff, 0xff, 0xc8,
    0xb4, 0xff, 0xff, 0xff, 0x24, 0x0, 0x0, 0x0,
    0xf0, 0xff, 0xff, 0xc8, 0xb4, 0xff, 0xff, 0xff,
    0x24, 0x0, 0x0, 0x0, 0xf0, 0xff, 0xff, 0xc8,
    0xb4, 0xff, 0xff, 0xff, 0x24, 0x0, 0x0, 0x0,
    0xf0, 0xff, 0xff, 0xc8, 0xb4, 0xff, 0xff, 0xff,
    0x24, 0x0, 0x0, 0x0, 0xf0, 0xff, 0xff, 0xc8,
    0xb4, 0xff, 0xff, 0xff, 0x24, 0x0, 0x0, 0x0,
    0xf0, 0xff, 0xff, 0xc8, 0xb4, 0xff, 0xff, 0xff,
    0x24, 0x0, 0x0, 0x0, 0xf0, 0xff, 0xff, 0xc8,
    0xb4, 0xff, 0xff, 0xff, 0x24, 0x0, 0x0, 0x0,
    0xf0, 0xff, 0xff, 0xc8, 0xb4, 0xff, 0xff, 0xff,
    0x24, 0x0, 0x0, 0x0, 0xf0, 0xff, 0xff, 0xc8,
    0xb4, 0xff, 0xff, 0xff, 0x24, 0x0, 0x0, 0x0,
    0xf0, 0xff, 0xff, 0xc8, 0xb4, 0xff, 0xff, 0xff,
    0x24, 0x0, 0x0, 0x0, 0xf0, 0xff, 0xff, 0xc8,
    0xb4, 0xff, 0xff, 0xff, 0x24, 0x0, 0x0, 0x0,
    0xf0, 0xff, 0xff, 0xc8, 0xb4, 0xff, 0xff, 0xff,
    0x24, 0x0, 0x0, 0x0, 0xf0, 0xff, 0xff, 0xc8,
    0xb3, 0xff, 0xff, 0xff, 0x24, 0x0, 0x0, 0x0,
    0xf0, 0xff, 0xff, 0xc7, 0xa9, 0xff, 0xff, 0xff,
    0x30, 0x0, 0x0, 0x2, 0xfa, 0xff, 0xff, 0xbb,
    0x8b, 0xff, 0xff, 0xff, 0x71, 0x0, 0x0, 0x40,
    0xff, 0xff, 0xff, 0x9d, 0x4a, 0xff, 0xff, 0xff,
    0xfb, 0xa6, 0x99, 0xf1, 0xff, 0xff, 0xff, 0x5c,
    0x2, 0xd5, 0xff, 0xff, 0xff, 0xff, 0xff, 0xff,
    0xff, 0xff, 0xe0, 0x7, 0x0, 0x2b, 0xe7, 0xff,
    0xff, 0xff, 0xff, 0xff, 0xff, 0xed, 0x35, 0x0,
    0x0, 0x0, 0x17, 0x8a, 0xd6, 0xf6, 0xf7, 0xd9,
    0x91, 0x1c, 0x0, 0x0,

    /* U+0076 "v" */
    0x82, 0xff, 0xff, 0xff, 0x60, 0x0, 0x0, 0x0,
    0x0, 0xa5, 0xff, 0xff, 0xe0, 0x5c, 0xff, 0xff,
    0xff, 0x81, 0x0, 0x0, 0x0, 0x0, 0xc6, 0xff,
    0xff, 0xba, 0x36, 0xff, 0xff, 0xff, 0xa2, 0x0,
    0x0, 0x0, 0x0, 0xe8, 0xff, 0xff, 0x94, 0xf,
    0xff, 0xff, 0xff, 0xc3, 0x0, 0x0, 0x0, 0x9,
    0xff, 0xff, 0xff, 0x6e, 0x0, 0xea, 0xff, 0xff,
    0xe5, 0x0, 0x0, 0x0, 0x2b, 0xff, 0xff, 0xff,
    0x48, 0x0, 0xc4, 0xff, 0xff, 0xfe, 0x8, 0x0,
    0x0, 0x4c, 0xff, 0xff, 0xff, 0x22, 0x0, 0x9e,
    0xff, 0xff, 0xff, 0x27, 0x0, 0x0, 0x6d, 0xff,
    0xff, 0xf9, 0x3, 0x0, 0x78, 0xff, 0xff, 0xff,
    0x48, 0x0, 0x0, 0x8f, 0xff, 0xff, 0xd6, 0x0,
    0x0, 0x52, 0xff, 0xff, 0xff, 0x69, 0x0, 0x0,
    0xb0, 0xff, 0xff, 0xb0, 0x0, 0x0, 0x2c, 0xff,
    0xff, 0xff, 0x8b, 0x0, 0x0, 0xd2, 0xff, 0xff,
    0x8a, 0x0, 0x0, 0x8, 0xfd, 0xff, 0xff, 0xac,
    0x0, 0x0, 0xf3, 0xff, 0xff, 0x64, 0x0, 0x0,
    0x0, 0xe0, 0xff, 0xff, 0xcd, 0x0, 0x15, 0xff,
    0xff, 0xff, 0x3e, 0x0, 0x0, 0x0, 0xba, 0xff,
    0xff, 0xee, 0x0, 0x36, 0xff, 0xff, 0xff, 0x17,
    0x0, 0x0, 0x0, 0x95, 0xff, 0xff, 0xff, 0xf,
    0x57, 0xff, 0xff, 0xf1, 0x0, 0x0, 0x0, 0x0,
    0x6f, 0xff, 0xff, 0xff, 0x31, 0x79, 0xff, 0xff,
    0xcb, 0x0, 0x0, 0x0, 0x0, 0x49, 0xff, 0xff,
    0xff, 0x52, 0x9a, 0xff, 0xff, 0xa5, 0x0, 0x0,
    0x0, 0x0, 0x23, 0xff, 0xff, 0xff, 0x73, 0xbc,
    0xff, 0xff, 0x7f, 0x0, 0x0, 0x0, 0x0, 0x3,
    0xf9, 0xff, 0xff, 0x94, 0xdd, 0xff, 0xff, 0x59,
    0x0, 0x0, 0x0, 0x0, 0x0, 0xd7, 0xff, 0xff,
    0xb9, 0xfb, 0xff, 0xff, 0x33, 0x0, 0x0, 0x0,
    0x0, 0x0, 0xb1, 0xff, 0xff, 0xf4, 0xff, 0xff,
    0xff, 0xd, 0x0, 0x0, 0x0, 0x0, 0x0, 0x8b,
    0xff, 0xff, 0xff, 0xff, 0xff, 0xe7, 0x0, 0x0,
    0x0, 0x0, 0x0, 0x0, 0x65, 0xff, 0xff, 0xff,
    0xff, 0xff, 0xc1, 0x0, 0x0, 0x0, 0x0, 0x0,
    0x0, 0x3f, 0xff, 0xff, 0xff, 0xff, 0xff, 0x9b,
    0x0, 0x0, 0x0, 0x0, 0x0, 0x0, 0x19, 0xff,
    0xff, 0xff, 0xff, 0xff, 0x75, 0x0, 0x0, 0x0,
    0x0, 0x0, 0x0, 0x0, 0xf2, 0xff, 0xff, 0xff,
    0xff, 0x4f, 0x0, 0x0, 0x0,

    /* U+0077 "w" */
    0x6c, 0xff, 0xff, 0xff, 0x46, 0x0, 0x0, 0x35,
    0xff, 0xff, 0xff, 0xff, 0x17, 0x0, 0x0, 0x68,
    0xff, 0xff, 0xea, 0x52, 0xff, 0xff, 0xff, 0x5d,
    0x0, 0x0, 0x4d, 0xff, 0xff, 0xff, 0xff, 0x30,
    0x0, 0x0, 0x7e, 0xff, 0xff, 0xd1, 0x39, 0xff,
    0xff, 0xff, 0x74, 0x0, 0x0, 0x65, 0xff, 0xff,
    0xff, 0xff, 0x48, 0x0, 0x0, 0x95, 0xff, 0xff,
    0xb8, 0x1f, 0xff, 0xff, 0xff, 0x8b, 0x0, 0x0,
    0x7e, 0xff, 0xff, 0xff, 0xff, 0x60, 0x0, 0x0,
    0xac, 0xff, 0xff, 0x9e, 0x6, 0xff, 0xff, 0xff,
    0xa2, 0x0, 0x0, 0x96, 0xff, 0xff, 0xff, 0xff,
    0x78, 0x0, 0x0, 0xc2, 0xff, 0xff, 0x85, 0x0,
    0xec, 0xff, 0xff, 0xb9, 0x0, 0x0, 0xae, 0xff,
    0xff, 0xff, 0xff, 0x90, 0x0, 0x0, 0xd9, 0xff,
    0xff, 0x6b, 0x0, 0xd3, 0xff, 0xff, 0xd0, 0x0,
    0x0, 0xc7, 0xff, 0xff, 0xff, 0xff, 0xa8, 0x0,
    0x0, 0xf0, 0xff, 0xff, 0x52, 0x0, 0xb9, 0xff,
    0xff, 0xe7, 0x0, 0x0, 0xdf, 0xff, 0xff, 0xff,
    0xff, 0xc1, 0x0, 0x6, 0xff, 0xff, 0xff, 0x38,
    0x0, 0xa0, 0xff, 0xff, 0xfc, 0x2, 0x0, 0xf6,
    0xff, 0xdf, 0xff, 0xff, 0xd9, 0x0, 0x1d, 0xff,
    0xff, 0xff, 0x1f, 0x0, 0x87, 0xff, 0xff, 0xff,
    0x15, 0x10, 0xff, 0xff, 0xbb, 0xec, 0xff, 0xf1,
    0x0, 0x34, 0xff, 0xff, 0xff, 0x7, 0x0, 0x6d,
    0xff, 0xff, 0xff, 0x2b, 0x28, 0xff, 0xff, 0xa1,
    0xd2, 0xff, 0xff, 0x9, 0x4a, 0xff, 0xff, 0xec,
    0x0, 0x0, 0x54, 0xff, 0xff, 0xff, 0x42, 0x40,
    0xff, 0xff, 0x86, 0xb7, 0xff, 0xff, 0x21, 0x61,
    0xff, 0xff, 0xd3, 0x0, 0x0, 0x3a, 0xff, 0xff,
    0xff, 0x59, 0x59, 0xff, 0xff, 0x6b, 0x9c, 0xff,
    0xff, 0x39, 0x78, 0xff, 0xff, 0xb9, 0x0, 0x0,
    0x21, 0xff, 0xff, 0xff, 0x70, 0x71, 0xff, 0xff,
    0x51, 0x82, 0xff, 0xff, 0x51, 0x8e, 0xff, 0xff,
    0xa0, 0x0, 0x0, 0x7, 0xff, 0xff, 0xff, 0x87,
    0x89, 0xff, 0xff, 0x36, 0x67, 0xff, 0xff, 0x6a,
    0xa5, 0xff, 0xff, 0x86, 0x0, 0x0, 0x0, 0xee,
    0xff, 0xff, 0x9e, 0xa2, 0xff, 0xff, 0x1c, 0x4d,
    0xff, 0xff, 0x82, 0xbc, 0xff, 0xff, 0x6d, 0x0,
    0x0, 0x0, 0xd4, 0xff, 0xff, 0xb5, 0xba, 0xff,
    0xfd, 0x4, 0x32, 0xff, 0xff, 0x9a, 0xd2, 0xff,
    0xff, 0x53, 0x0, 0x0, 0x0, 0xbb, 0xff, 0xff,
    0xcc, 0xd2, 0xff, 0xe7, 0x0, 0x18, 0xff, 0xff,
    0xb2, 0xe9, 0xff, 0xff, 0x3a, 0x0, 0x0, 0x0,
    0xa2, 0xff, 0xff, 0xe3, 0xeb, 0xff, 0xcc, 0x0,
    0x2, 0xfb, 0xff, 0xcc, 0xfd, 0xff, 0xff, 0x21,
    0x0, 0x0, 0x0, 0x88, 0xff, 0xff, 0xfc, 0xfe,
    0xff, 0xb1, 0x0, 0x0, 0xe2, 0xff, 0xfa, 0xff,
    0xff, 0xff, 0x8, 0x0, 0x0, 0x0, 0x6f, 0xff,
    0xff, 0xff, 0xff, 0xff, 0x97, 0x0, 0x0, 0xc8,
    0xff, 0xff, 0xff, 0xff, 0xee, 0x0, 0x0, 0x0,
    0x0, 0x55, 0xff, 0xff, 0xff, 0xff, 0xff, 0x7c,
    0x0, 0x0, 0xad, 0xff, 0xff, 0xff, 0xff, 0xd4,
    0x0, 0x0, 0x0, 0x0, 0x3c, 0xff, 0xff, 0xff,
    0xff, 0xff, 0x62, 0x0, 0x0, 0x93, 0xff, 0xff,
    0xff, 0xff, 0xbb, 0x0, 0x0, 0x0, 0x0, 0x22,
    0xff, 0xff, 0xff, 0xff, 0xff, 0x47, 0x0, 0x0,
    0x78, 0xff, 0xff, 0xff, 0xff, 0xa1, 0x0, 0x0,
    0x0, 0x0, 0x9, 0xff, 0xff, 0xff, 0xff, 0xff,
    0x2d, 0x0, 0x0, 0x5d, 0xff, 0xff, 0xff, 0xff,
    0x88, 0x0, 0x0,

    /* U+0078 "x" */
    0x3c, 0xff, 0xff, 0xff, 0xd0, 0x0, 0x0, 0x0,
    0x0, 0x33, 0xff, 0xff, 0xff, 0x6f, 0x1, 0xe1,
    0xff, 0xff, 0xff, 0x23, 0x0, 0x0, 0x0, 0x87,
    0xff, 0xff, 0xfd, 0x19, 0x0, 0x8a, 0xff, 0xff,
    0xff, 0x75, 0x0, 0x0, 0x0, 0xda, 0xff, 0xff,
    0xbd, 0x0, 0x0, 0x32, 0xff, 0xff, 0xff, 0xc7,
    0x0, 0x0, 0x2f, 0xff, 0xff, 0xff, 0x65, 0x0,
    0x0, 0x0, 0xd8, 0xff, 0xff, 0xfe, 0x1a, 0x0,
    0x83, 0xff, 0xff, 0xfa, 0x12, 0x0, 0x0, 0x0,
    0x80, 0xff, 0xff, 0xff, 0x6b, 0x0, 0xd6, 0xff,
    0xff, 0xb3, 0x0, 0x0, 0x0, 0x0, 0x27, 0xff,
    0xff, 0xff, 0xbe, 0x2c, 0xff, 0xff, 0xff, 0x5a,
    0x0, 0x0, 0x0, 0x0, 0x0, 0xcf, 0xff, 0xff,
    0xfc, 0x93, 0xff, 0xff, 0xf6, 0xc, 0x0, 0x0,
    0x0, 0x0, 0x0, 0x76, 0xff, 0xff, 0xff, 0xfe,
    0xff, 0xff, 0xa9, 0x0, 0x0, 0x0, 0x0, 0x0,
    0x0, 0x1e, 0xfe, 0xff, 0xff, 0xff, 0xff, 0xff,
    0x50, 0x0, 0x0, 0x0, 0x0, 0x0, 0x0, 0x0,
    0xc5, 0xff, 0xff, 0xff, 0xff, 0xf0, 0x7, 0x0,
    0x0, 0x0, 0x0, 0x0, 0x0, 0x0, 0x6c, 0xff,
    0xff, 0xff, 0xff, 0x9f, 0x0, 0x0, 0x0, 0x0,
    0x0, 0x0, 0x0, 0x0, 0x49, 0xff, 0xff, 0xff,
    0xff, 0x7d, 0x0, 0x0, 0x0, 0x0, 0x0, 0x0,
    0x0, 0x0, 0x9e, 0xff, 0xff, 0xff, 0xff, 0xd1,
    0x0, 0x0, 0x0, 0x0, 0x0, 0x0, 0x0, 0x7,
    0xef, 0xff, 0xff, 0xff, 0xff, 0xff, 0x2b, 0x0,
    0x0, 0x0, 0x0, 0x0, 0x0, 0x50, 0xff, 0xff,
    0xff, 0xff, 0xff, 0xff, 0x84, 0x0, 0x0, 0x0,
    0x0, 0x0, 0x0, 0xa9, 0xff, 0xff, 0xd6, 0xf0,
    0xff, 0xff, 0xdd, 0x0, 0x0, 0x0, 0x0, 0x0,
    0xb, 0xf5, 0xff, 0xff, 0x7d, 0xa4, 0xff, 0xff,
    0xff, 0x36, 0x0, 0x0, 0x0, 0x0, 0x5a, 0xff,
    0xff, 0xff, 0x29, 0x52, 0xff, 0xff, 0xff, 0x8f,
    0x0, 0x0, 0x0, 0x0, 0xb3, 0xff, 0xff, 0xd5,
    0x0, 0xa, 0xf5, 0xff, 0xff, 0xe6, 0x2, 0x0,
    0x0, 0x12, 0xfa, 0xff, 0xff, 0x81, 0x0, 0x0,
    0xae, 0xff, 0xff, 0xff, 0x42, 0x0, 0x0, 0x65,
    0xff, 0xff, 0xff, 0x2d, 0x0, 0x0, 0x5c, 0xff,
    0xff, 0xff, 0x9b, 0x0, 0x0, 0xbe, 0xff, 0xff,
    0xd9, 0x0, 0x0, 0x0, 0xf, 0xfa, 0xff, 0xff,
    0xee, 0x6, 0x19, 0xfd, 0xff, 0xff, 0x85, 0x0,
    0x0, 0x0, 0x0, 0xb8, 0xff, 0xff, 0xff, 0x4d,
    0x70, 0xff, 0xff, 0xff, 0x31, 0x0, 0x0, 0x0,
    0x0, 0x65, 0xff, 0xff, 0xff, 0xa7,

    /* U+0079 "y" */
    0x87, 0xff, 0xff, 0xff, 0x8c, 0x0, 0x0, 0x0,
    0x0, 0x69, 0xff, 0xff, 0xff, 0x4d, 0x33, 0xff,
    0xff, 0xff, 0xd5, 0x0, 0x0, 0x0, 0x0, 0xb2,
    0xff, 0xff, 0xf3, 0x8, 0x0, 0xdf, 0xff, 0xff,
    0xff, 0x1e, 0x0, 0x0, 0x6, 0xf4, 0xff, 0xff,
    0xa7, 0x0, 0x0, 0x8d, 0xff, 0xff, 0xff, 0x68,
    0x0, 0x0, 0x45, 0xff, 0xff, 0xff, 0x54, 0x0,
    0x0, 0x3a, 0xff, 0xff, 0xff, 0xb1, 0x0, 0x0,
    0x8e, 0xff, 0xff, 0xf6, 0xb, 0x0, 0x0, 0x1,
    0xe5, 0xff, 0xff, 0xf4, 0x6, 0x0, 0xd7, 0xff,
    0xff, 0xae, 0x0, 0x0, 0x0, 0x0, 0x94, 0xff,
    0xff, 0xff, 0x43, 0x20, 0xff, 0xff, 0xff, 0x5b,
    0x0, 0x0, 0x0, 0x0, 0x41, 0xff, 0xff, 0xff,
    0x8d, 0x6a, 0xff, 0xff, 0xf9, 0xf, 0x0, 0x0,
    0x0, 0x0, 0x3, 0xeb, 0xff, 0xff, 0xd6, 0xb3,
    0xff, 0xff, 0xb5, 0x0, 0x0, 0x0, 0x0, 0x0,
    0x0, 0x9b, 0xff, 0xff, 0xff, 0xfa, 0xff, 0xff,
    0x62, 0x0, 0x0, 0x0, 0x0, 0x0, 0x0, 0x48,
    0xff, 0xff, 0xff, 0xff, 0xff, 0xfc, 0x13, 0x0,
    0x0, 0x0, 0x0, 0x0, 0x0, 0x5, 0xef, 0xff,
    0xff, 0xff, 0xff, 0xbc, 0x0, 0x0, 0x0, 0x0,
    0x0, 0x0, 0x0, 0x0, 0xa2, 0xff, 0xff, 0xff,
    0xff, 0x69, 0x0, 0x0, 0x0, 0x0, 0x0, 0x0,
    0x0, 0x0, 0x4f, 0xff, 0xff, 0xff, 0xfd, 0x19,
    0x0, 0x0, 0x0, 0x0, 0x0, 0x0, 0x0, 0x0,
    0xd, 0xff, 0xff, 0xff, 0xd5, 0x0, 0x0, 0x0,
    0x0, 0x0, 0x0, 0x0, 0x0, 0x0, 0x8, 0xff,
    0xff, 0xff, 0xd0, 0x0, 0x0, 0x0, 0x0, 0x0,
    0x0, 0x0, 0x0, 0x0, 0x8, 0xff, 0xff, 0xff,
    0xd0, 0x0, 0x0, 0x0, 0x0, 0x0, 0x0, 0x0,
    0x0, 0x0, 0x8, 0xff, 0xff, 0xff, 0xd0, 0x0,
    0x0, 0x0, 0x0, 0x0, 0x0, 0x0, 0x0, 0x0,
    0x8, 0xff, 0xff, 0xff, 0xd0, 0x0, 0x0, 0x0,
    0x0, 0x0, 0x0, 0x0, 0x0, 0x0, 0x8, 0xff,
    0xff, 0xff, 0xd0, 0x0, 0x0, 0x0, 0x0, 0x0,
    0x0, 0x0, 0x0, 0x0, 0x8, 0xff, 0xff, 0xff,
    0xd0, 0x0, 0x0, 0x0, 0x0, 0x0, 0x0, 0x0,
    0x0, 0x0, 0x8, 0xff, 0xff, 0xff, 0xd0, 0x0,
    0x0, 0x0, 0x0, 0x0, 0x0, 0x0, 0x0, 0x0,
    0x8, 0xff, 0xff, 0xff, 0xd0, 0x0, 0x0, 0x0,
    0x0, 0x0, 0x0, 0x0, 0x0, 0x0, 0x8, 0xff,
    0xff, 0xff, 0xd0, 0x0, 0x0, 0x0, 0x0, 0x0,
    0x0, 0x0, 0x0, 0x0, 0x8, 0xff, 0xff, 0xff,
    0xd0, 0x0, 0x0, 0x0, 0x0, 0x0,

    /* U+007A "z" */
    0x0, 0xfc, 0xff, 0xff, 0xff, 0xff, 0xff, 0xff,
    0xff, 0xff, 0xff, 0xf0, 0x0, 0xfc, 0xff, 0xff,
    0xff, 0xff, 0xff, 0xff, 0xff, 0xff, 0xff, 0xf0,
    0x0, 0xfc, 0xff, 0xff, 0xff, 0xff, 0xff, 0xff,
    0xff, 0xff, 0xff, 0xf0, 0x0, 0x85, 0x88, 0x88,
    0x88, 0x88, 0x88, 0xa9, 0xff, 0xff, 0xff, 0xe0,
    0x0, 0x0, 0x0, 0x0, 0x0, 0x0, 0x0, 0x93,
    0xff, 0xff, 0xff, 0x85, 0x0, 0x0, 0x0, 0x0,
    0x0, 0x0, 0x8, 0xef, 0xff, 0xff, 0xfe, 0x22,
    0x0, 0x0, 0x0, 0x0, 0x0, 0x0, 0x5d, 0xff,
    0xff, 0xff, 0xba, 0x0, 0x0, 0x0, 0x0, 0x0,
    0x0, 0x0, 0xc3, 0xff, 0xff, 0xff, 0x55, 0x0,
    0x0, 0x0, 0x0, 0x0, 0x0, 0x28, 0xff, 0xff,
    0xff, 0xea, 0x6, 0x0, 0x0, 0x0, 0x0, 0x0,
    0x0, 0x8e, 0xff, 0xff, 0xff, 0x8a, 0x0, 0x0,
    0x0, 0x0, 0x0, 0x0, 0x7, 0xec, 0xff, 0xff,
    0xff, 0x26, 0x0, 0x0, 0x0, 0x0, 0x0, 0x0,
    0x59, 0xff, 0xff, 0xff, 0xbf, 0x0, 0x0, 0x0,
    0x0, 0x0, 0x0, 0x0, 0xbe, 0xff, 0xff, 0xff,
    0x5a, 0x0, 0x0, 0x0, 0x0, 0x0, 0x0, 0x24,
    0xfe, 0xff, 0xff, 0xed, 0x7, 0x0, 0x0, 0x0,
    0x0, 0x0, 0x0, 0x89, 0xff, 0xff, 0xff, 0x8f,
    0x0, 0x0, 0x0, 0x0, 0x0, 0x0, 0x5, 0xe9,
    0xff, 0xff, 0xff, 0x2a, 0x0, 0x0, 0x0, 0x0,
    0x0, 0x0, 0x54, 0xff, 0xff, 0xff, 0xc5, 0x0,
    0x0, 0x0, 0x0, 0x0, 0x0, 0x0, 0xba, 0xff,
    0xff, 0xff, 0x5f, 0x0, 0x0, 0x0, 0x0, 0x0,
    0x0, 0x20, 0xfe, 0xff, 0xff, 0xf0, 0xa, 0x0,
    0x0, 0x0, 0x0, 0x0, 0x0, 0x85, 0xff, 0xff,
    0xff, 0x94, 0x0, 0x0, 0x0, 0x0, 0x0, 0x0,
    0x4, 0xe5, 0xff, 0xff, 0xff, 0x2f, 0x0, 0x0,
    0x0, 0x0, 0x0, 0x0, 0x44, 0xff, 0xff, 0xff,
    0xf2, 0x84, 0x84, 0x84, 0x84, 0x84, 0x84, 0x7b,
    0x54, 0xff, 0xff, 0xff, 0xff, 0xff, 0xff, 0xff,
    0xff, 0xff, 0xff, 0xf0, 0x54, 0xff, 0xff, 0xff,
    0xff, 0xff, 0xff, 0xff, 0xff, 0xff, 0xff, 0xf0,
    0x54, 0xff, 0xff, 0xff, 0xff, 0xff, 0xff, 0xff,
    0xff, 0xff, 0xff, 0xf0,

    /* U+007B "{" */
    0x0, 0x0, 0x0, 0x0, 0x0, 0x1, 0x1e, 0x2c,
    0x22, 0x0, 0x0, 0x0, 0x3, 0x7b, 0xf1, 0xff,
    0xff, 0xc8, 0x0, 0x0, 0x0, 0x84, 0xff, 0xff,
    0xff, 0xff, 0xc8, 0x0, 0x0, 0x0, 0xeb, 0xff,
    0xff, 0xff, 0xff, 0xc8, 0x0, 0x0, 0xc, 0xff,
    0xff, 0xff, 0xdb, 0x29, 0x1, 0x0, 0x0, 0x10,
    0xff, 0xff, 0xff, 0x7a, 0x0, 0x0, 0x0, 0x0,
    0x10, 0xff, 0xff, 0xff, 0x62, 0x0, 0x0, 0x0,
    0x0, 0x10, 0xff, 0xff, 0xff, 0x60, 0x0, 0x0,
    0x0, 0x0, 0x10, 0xff, 0xff, 0xff, 0x60, 0x0,
    0x0, 0x0, 0x0, 0x10, 0xff, 0xff, 0xff, 0x60,
    0x0, 0x0, 0x0, 0x0, 0x10, 0xff, 0xff, 0xff,
    0x60, 0x0, 0x0, 0x0, 0x0, 0x20, 0xff, 0xff,
    0xff, 0x5c, 0x0, 0x0, 0x0, 0x14, 0x92, 0xff,
    0xff, 0xff, 0x3a, 0x0, 0x0, 0x44, 0xff, 0xff,
    0xff, 0xff, 0xbf, 0x1, 0x0, 0x0, 0x44, 0xff,
    0xff, 0xff, 0xad, 0x9, 0x0, 0x0, 0x0, 0x44,
    0xff, 0xff, 0xff, 0xff, 0x95, 0x0, 0x0, 0x0,
    0xc, 0x42, 0xb8, 0xff, 0xff, 0xff, 0x27, 0x0,
    0x0, 0x0, 0x0, 0x2b, 0xff, 0xff, 0xff, 0x55,
    0x0, 0x0, 0x0, 0x0, 0x11, 0xff, 0xff, 0xff,
    0x60, 0x0, 0x0, 0x0, 0x0, 0x10, 0xff, 0xff,
    0xff, 0x60, 0x0, 0x0, 0x0, 0x0, 0x10, 0xff,
    0xff, 0xff, 0x60, 0x0, 0x0, 0x0, 0x0, 0x10,
    0xff, 0xff, 0xff, 0x60, 0x0, 0x0, 0x0, 0x0,
    0x10, 0xff, 0xff, 0xff, 0x60, 0x0, 0x0, 0x0,
    0x0, 0x10, 0xff, 0xff, 0xff, 0x66, 0x0, 0x0,
    0x0, 0x0, 0x10, 0xff, 0xff, 0xff, 0x88, 0x0,
    0x0, 0x0, 0x0, 0x6, 0xff, 0xff, 0xff, 0xed,
    0x57, 0x23, 0x0, 0x0, 0x0, 0xd7, 0xff, 0xff,
    0xff, 0xff, 0xc8, 0x0, 0x0, 0x0, 0x5b, 0xff,
    0xff, 0xff, 0xff, 0xc8, 0x0, 0x0, 0x0, 0x0,
    0x54, 0xcc, 0xf9, 0xff, 0xc8,

    /* U+007C "|" */
    0x2e, 0x38, 0x38, 0x12, 0xd4, 0xff, 0xff, 0x54,
    0xd4, 0xff, 0xff, 0x54, 0xd4, 0xff, 0xff, 0x54,
    0xd4, 0xff, 0xff, 0x54, 0xd4, 0xff, 0xff, 0x54,
    0xd4, 0xff, 0xff, 0x54, 0xd4, 0xff, 0xff, 0x54,
    0xd4, 0xff, 0xff, 0x54, 0xd4, 0xff, 0xff, 0x54,
    0xd4, 0xff, 0xff, 0x54, 0xd4, 0xff, 0xff, 0x54,
    0xd4, 0xff, 0xff, 0x54, 0xd4, 0xff, 0xff, 0x54,
    0xd4, 0xff, 0xff, 0x54, 0xd4, 0xff, 0xff, 0x54,
    0xd4, 0xff, 0xff, 0x54, 0xd4, 0xff, 0xff, 0x54,
    0xd4, 0xff, 0xff, 0x54, 0xd4, 0xff, 0xff, 0x54,
    0xd4, 0xff, 0xff, 0x54, 0xd4, 0xff, 0xff, 0x54,
    0xd4, 0xff, 0xff, 0x54, 0xd4, 0xff, 0xff, 0x54,
    0xd4, 0xff, 0xff, 0x54, 0xd4, 0xff, 0xff, 0x54,
    0xd4, 0xff, 0xff, 0x54, 0xd4, 0xff, 0xff, 0x54,
    0xd4, 0xff, 0xff, 0x54, 0xd4, 0xff, 0xff, 0x54,
    0xd4, 0xff, 0xff, 0x54, 0xd4, 0xff, 0xff, 0x54,
    0xd4, 0xff, 0xff, 0x54, 0xd4, 0xff, 0xff, 0x54,
    0xd4, 0xff, 0xff, 0x54, 0xd4, 0xff, 0xff, 0x54,

    /* U+007D "}" */
    0x5, 0x2c, 0x2b, 0x11, 0x0, 0x0, 0x0, 0x0,
    0x0, 0x20, 0xff, 0xff, 0xff, 0xd4, 0x42, 0x0,
    0x0, 0x0, 0x20, 0xff, 0xff, 0xff, 0xff, 0xfa,
    0x30, 0x0, 0x0, 0x20, 0xff, 0xff, 0xff, 0xff,
    0xff, 0x92, 0x0, 0x0, 0x0, 0x6, 0x57, 0xff,
    0xff, 0xff, 0xb3, 0x0, 0x0, 0x0, 0x0, 0x0,
    0xcf, 0xff, 0xff, 0xb8, 0x0, 0x0, 0x0, 0x0,
    0x0, 0xb6, 0xff, 0xff, 0xb8, 0x0, 0x0, 0x0,
    0x0, 0x0, 0xb4, 0xff, 0xff, 0xb8, 0x0, 0x0,
    0x0, 0x0, 0x0, 0xb4, 0xff, 0xff, 0xb8, 0x0,
    0x0, 0x0, 0x0, 0x0, 0xb4, 0xff, 0xff, 0xb8,
    0x0, 0x0, 0x0, 0x0, 0x0, 0xb4, 0xff, 0xff,
    0xb8, 0x0, 0x0, 0x0, 0x0, 0x0, 0xb0, 0xff,
    0xff, 0xc7, 0x0, 0x0, 0x0, 0x0, 0x0, 0x90,
    0xff, 0xff, 0xfb, 0x4a, 0xa, 0x0, 0x0, 0x0,
    0x28, 0xf1, 0xff, 0xff, 0xff, 0xec, 0x0, 0x0,
    0x0, 0x0, 0x2b, 0xe3, 0xff, 0xff, 0xec, 0x0,
    0x0, 0x0, 0x12, 0xd5, 0xff, 0xff, 0xff, 0xec,
    0x0, 0x0, 0x0, 0x7a, 0xff, 0xff, 0xff, 0x7b,
    0x34, 0x0, 0x0, 0x0, 0xaa, 0xff, 0xff, 0xd2,
    0x0, 0x0, 0x0, 0x0, 0x0, 0xb4, 0xff, 0xff,
    0xb9, 0x0, 0x0, 0x0, 0x0, 0x0, 0xb4, 0xff,
    0xff, 0xb8, 0x0, 0x0, 0x0, 0x0, 0x0, 0xb4,
    0xff, 0xff, 0xb8, 0x0, 0x0, 0x0, 0x0, 0x0,
    0xb4, 0xff, 0xff, 0xb8, 0x0, 0x0, 0x0, 0x0,
    0x0, 0xb4, 0xff, 0xff, 0xb8, 0x0, 0x0, 0x0,
    0x0, 0x0, 0xbb, 0xff, 0xff, 0xb8, 0x0, 0x0,
    0x0, 0x0, 0x0, 0xde, 0xff, 0xff, 0xb7, 0x0,
    0x0, 0x5, 0x32, 0x87, 0xff, 0xff, 0xff, 0xad,
    0x0, 0x0, 0x20, 0xff, 0xff, 0xff, 0xff, 0xff,
    0x7d, 0x0, 0x0, 0x20, 0xff, 0xff, 0xff, 0xff,
    0xe9, 0x17, 0x0, 0x0, 0x20, 0xff, 0xff, 0xf0,
    0xad, 0x23, 0x0, 0x0, 0x0,

    /* U+007E "~" */
    0x0, 0x0, 0x0, 0x0, 0x0, 0x0, 0x0, 0x0,
    0x0, 0x0, 0x0, 0x0, 0x0, 0x0, 0x0, 0x0,
    0x28, 0xad, 0xdf, 0xbf, 0x55, 0x0, 0x0, 0x0,
    0x3, 0xb6, 0x52, 0x0, 0x0, 0x2f, 0xf1, 0xff,
    0xff, 0xff, 0xff, 0xbe, 0x2c, 0x3, 0x95, 0xff,
    0xff, 0x57, 0x9, 0xd9, 0xff, 0xff, 0xff, 0xff,
    0xff, 0xff, 0xff, 0xf8, 0xff, 0xff, 0xe1, 0xe,
    0x5c, 0xff, 0xff, 0xa8, 0x11, 0x44, 0xd0, 0xff,
    0xff, 0xff, 0xff, 0xf6, 0x39, 0x0, 0x0, 0x6a,
    0xcb, 0x8, 0x0, 0x0, 0x3, 0x6c, 0xd7, 0xf4,
    0xc1, 0x35, 0x0, 0x0, 0x0, 0x0, 0x3, 0x0,
    0x0, 0x0, 0x0, 0x0, 0x0, 0x0, 0x0, 0x0,
    0x0, 0x0
};


/*---------------------
 *  GLYPH DESCRIPTION
 *--------------------*/

static const lv_font_fmt_txt_glyph_dsc_t glyph_dsc[] = {
    {.bitmap_index = 0, .adv_w = 0, .box_w = 0, .box_h = 0, .ofs_x = 0, .ofs_y = 0} /* id = 0 reserved */,
    {.bitmap_index = 0, .adv_w = 90, .box_w = 0, .box_h = 0, .ofs_x = 0, .ofs_y = 0},
    {.bitmap_index = 0, .adv_w = 118, .box_w = 5, .box_h = 25, .ofs_x = 1, .ofs_y = 0},
    {.bitmap_index = 125, .adv_w = 188, .box_w = 10, .box_h = 8, .ofs_x = 1, .ofs_y = 17},
    {.bitmap_index = 205, .adv_w = 231, .box_w = 14, .box_h = 25, .ofs_x = 0, .ofs_y = 0},
    {.bitmap_index = 555, .adv_w = 224, .box_w = 12, .box_h = 28, .ofs_x = 1, .ofs_y = -2},
    {.bitmap_index = 891, .adv_w = 330, .box_w = 19, .box_h = 25, .ofs_x = 1, .ofs_y = 0},
    {.bitmap_index = 1366, .adv_w = 234, .box_w = 13, .box_h = 25, .ofs_x = 1, .ofs_y = 0},
    {.bitmap_index = 1691, .adv_w = 105, .box_w = 5, .box_h = 8, .ofs_x = 1, .ofs_y = 17},
    {.bitmap_index = 1731, .adv_w = 155, .box_w = 8, .box_h = 29, .ofs_x = 1, .ofs_y = -2},
    {.bitmap_index = 1963, .adv_w = 155, .box_w = 7, .box_h = 29, .ofs_x = 1, .ofs_y = -2},
    {.bitmap_index = 2166, .adv_w = 236, .box_w = 15, .box_h = 14, .ofs_x = 0, .ofs_y = 11},
    {.bitmap_index = 2376, .adv_w = 224, .box_w = 14, .box_h = 13, .ofs_x = 0, .ofs_y = 6},
    {.bitmap_index = 2558, .adv_w = 105, .box_w = 5, .box_h = 8, .ofs_x = 1, .ofs_y = -4},
    {.bitmap_index = 2598, .adv_w = 151, .box_w = 9, .box_h = 4, .ofs_x = 0, .ofs_y = 11},
    {.bitmap_index = 2634, .adv_w = 105, .box_w = 5, .box_h = 4, .ofs_x = 1, .ofs_y = 0},
    {.bitmap_index = 2654, .adv_w = 218, .box_w = 14, .box_h = 25, .ofs_x = 0, .ofs_y = 0},
    {.bitmap_index = 3004, .adv_w = 224, .box_w = 12, .box_h = 25, .ofs_x = 1, .ofs_y = 0},
    {.bitmap_index = 3304, .adv_w = 224, .box_w = 9, .box_h = 25, .ofs_x = 2, .ofs_y = 0},
    {.bitmap_index = 3529, .adv_w = 224, .box_w = 12, .box_h = 25, .ofs_x = 1, .ofs_y = 0},
    {.bitmap_index = 3829, .adv_w = 224, .box_w = 12, .box_h = 25, .ofs_x = 1, .ofs_y = 0},
    {.bitmap_index = 4129, .adv_w = 224, .box_w = 14, .box_h = 25, .ofs_x = 0, .ofs_y = 0},
    {.bitmap_index = 4479, .adv_w = 224, .box_w = 12, .box_h = 25, .ofs_x = 1, .ofs_y = 0},
    {.bitmap_index = 4779, .adv_w = 224, .box_w = 12, .box_h = 25, .ofs_x = 1, .ofs_y = 0},
    {.bitmap_index = 5079, .adv_w = 224, .box_w = 12, .box_h = 25, .ofs_x = 1, .ofs_y = 0},
    {.bitmap_index = 5379, .adv_w = 224, .box_w = 14, .box_h = 25, .ofs_x = 0, .ofs_y = 0},
    {.bitmap_index = 5729, .adv_w = 224, .box_w = 12, .box_h = 25, .ofs_x = 1, .ofs_y = 0},
    {.bitmap_index = 6029, .adv_w = 105, .box_w = 5, .box_h = 17, .ofs_x = 1, .ofs_y = 0},
    {.bitmap_index = 6114, .adv_w = 105, .box_w = 5, .box_h = 21, .ofs_x = 1, .ofs_y = -4},
    {.bitmap_index = 6219, .adv_w = 224, .box_w = 12, .box_h = 13, .ofs_x = 1, .ofs_y = 6},
    {.bitmap_index = 6375, .adv_w = 224, .box_w = 12, .box_h = 9, .ofs_x = 1, .ofs_y = 8},
    {.bitmap_index = 6483, .adv_w = 224, .box_w = 12, .box_h = 13, .ofs_x = 1, .ofs_y = 6},
    {.bitmap_index = 6639, .adv_w = 203, .box_w = 12, .box_h = 25, .ofs_x = 0, .ofs_y = 0},
    {.bitmap_index = 6939, .adv_w = 390, .box_w = 24, .box_h = 28, .ofs_x = 0, .ofs_y = -2},
    {.bitmap_index = 7611, .adv_w = 225, .box_w = 14, .box_h = 25, .ofs_x = 0, .ofs_y = 0},
    {.bitmap_index = 7961, .adv_w = 226, .box_w = 13, .box_h = 25, .ofs_x = 1, .ofs_y = 0},
    {.bitmap_index = 8286, .adv_w = 214, .box_w = 12, .box_h = 25, .ofs_x = 1, .ofs_y = 0},
    {.bitmap_index = 8586, .adv_w = 227, .box_w = 13, .box_h = 25, .ofs_x = 1, .ofs_y = 0},
    {.bitmap_index = 8911, .adv_w = 203, .box_w = 11, .box_h = 25, .ofs_x = 1, .ofs_y = 0},
    {.bitmap_index = 9186, .adv_w = 193, .box_w = 11, .box_h = 25, .ofs_x = 1, .ofs_y = 0},
    {.bitmap_index = 9461, .adv_w = 219, .box_w = 12, .box_h = 25, .ofs_x = 1, .ofs_y = 0},
    {.bitmap_index = 9761, .adv_w = 235, .box_w = 13, .box_h = 25, .ofs_x = 1, .ofs_y = 0},
    {.bitmap_index = 10086, .adv_w = 108, .box_w = 5, .box_h = 25, .ofs_x = 1, .ofs_y = 0},
    {.bitmap_index = 10211, .adv_w = 148, .box_w = 8, .box_h = 25, .ofs_x = 0, .ofs_y = 0},
    {.bitmap_index = 10411, .adv_w = 232, .box_w = 14, .box_h = 25, .ofs_x = 1, .ofs_y = 0},
    {.bitmap_index = 10761, .adv_w = 193, .box_w = 11, .box_h = 25, .ofs_x = 1, .ofs_y = 0},
    {.bitmap_index = 11036, .adv_w = 301, .box_w = 17, .box_h = 25, .ofs_x = 1, .ofs_y = 0},
    {.bitmap_index = 11461, .adv_w = 239, .box_w = 13, .box_h = 25, .ofs_x = 1, .ofs_y = 0},
    {.bitmap_index = 11786, .adv_w = 224, .box_w = 12, .box_h = 25, .ofs_x = 1, .ofs_y = 0},
    {.bitmap_index = 12086, .adv_w = 216, .box_w = 12, .box_h = 25, .ofs_x = 1, .ofs_y = 0},
    {.bitmap_index = 12386, .adv_w = 224, .box_w = 13, .box_h = 27, .ofs_x = 1, .ofs_y = -2},
    {.bitmap_index = 12737, .adv_w = 226, .box_w = 13, .box_h = 25, .ofs_x = 1, .ofs_y = 0},
    {.bitmap_index = 13062, .adv_w = 208, .box_w = 13, .box_h = 25, .ofs_x = 0, .ofs_y = 0},
    {.bitmap_index = 13387, .adv_w = 204, .box_w = 13, .box_h = 25, .ofs_x = 0, .ofs_y = 0},
    {.bitmap_index = 13712, .adv_w = 225, .box_w = 12, .box_h = 25, .ofs_x = 1, .ofs_y = 0},
    {.bitmap_index = 14012, .adv_w = 214, .box_w = 13, .box_h = 25, .ofs_x = 0, .ofs_y = 0},
    {.bitmap_index = 14337, .adv_w = 312, .box_w = 19, .box_h = 25, .ofs_x = 0, .ofs_y = 0},
    {.bitmap_index = 14812, .adv_w = 227, .box_w = 14, .box_h = 25, .ofs_x = 0, .ofs_y = 0},
    {.bitmap_index = 15162, .adv_w = 221, .box_w = 14, .box_h = 25, .ofs_x = 0, .ofs_y = 0},
    {.bitmap_index = 15512, .adv_w = 203, .box_w = 12, .box_h = 25, .ofs_x = 0, .ofs_y = 0},
    {.bitmap_index = 15812, .adv_w = 155, .box_w = 7, .box_h = 29, .ofs_x = 2, .ofs_y = -2},
    {.bitmap_index = 16015, .adv_w = 218, .box_w = 14, .box_h = 25, .ofs_x = 0, .ofs_y = 0},
    {.bitmap_index = 16365, .adv_w = 155, .box_w = 7, .box_h = 29, .ofs_x = 1, .ofs_y = -2},
    {.bitmap_index = 16568, .adv_w = 224, .box_w = 14, .box_h = 10, .ofs_x = 0, .ofs_y = 15},
    {.bitmap_index = 16708, .adv_w = 168, .box_w = 11, .box_h = 3, .ofs_x = 0, .ofs_y = -3},
    {.bitmap_index = 16741, .adv_w = 280, .box_w = 7, .box_h = 5, .ofs_x = 4, .ofs_y = 26},
    {.bitmap_index = 16776, .adv_w = 225, .box_w = 14, .box_h = 25, .ofs_x = 0, .ofs_y = 0},
    {.bitmap_index = 17126, .adv_w = 226, .box_w = 13, .box_h = 25, .ofs_x = 1, .ofs_y = 0},
    {.bitmap_index = 17451, .adv_w = 214, .box_w = 12, .box_h = 25, .ofs_x = 1, .ofs_y = 0},
    {.bitmap_index = 17751, .adv_w = 227, .box_w = 13, .box_h = 25, .ofs_x = 1, .ofs_y = 0},
    {.bitmap_index = 18076, .adv_w = 203, .box_w = 11, .box_h = 25, .ofs_x = 1, .ofs_y = 0},
    {.bitmap_index = 18351, .adv_w = 193, .box_w = 11, .box_h = 25, .ofs_x = 1, .ofs_y = 0},
    {.bitmap_index = 18626, .adv_w = 219, .box_w = 12, .box_h = 25, .ofs_x = 1, .ofs_y = 0},
    {.bitmap_index = 18926, .adv_w = 235, .box_w = 13, .box_h = 25, .ofs_x = 1, .ofs_y = 0},
    {.bitmap_index = 19251, .adv_w = 108, .box_w = 5, .box_h = 25, .ofs_x = 1, .ofs_y = 0},
    {.bitmap_index = 19376, .adv_w = 148, .box_w = 8, .box_h = 25, .ofs_x = 0, .ofs_y = 0},
    {.bitmap_index = 19576, .adv_w = 232, .box_w = 14, .box_h = 25, .ofs_x = 1, .ofs_y = 0},
    {.bitmap_index = 19926, .adv_w = 193, .box_w = 11, .box_h = 25, .ofs_x = 1, .ofs_y = 0},
    {.bitmap_index = 20201, .adv_w = 301, .box_w = 17, .box_h = 25, .ofs_x = 1, .ofs_y = 0},
    {.bitmap_index = 20626, .adv_w = 239, .box_w = 13, .box_h = 25, .ofs_x = 1, .ofs_y = 0},
    {.bitmap_index = 20951, .adv_w = 224, .box_w = 12, .box_h = 25, .ofs_x = 1, .ofs_y = 0},
    {.bitmap_index = 21251, .adv_w = 216, .box_w = 12, .box_h = 25, .ofs_x = 1, .ofs_y = 0},
    {.bitmap_index = 21551, .adv_w = 224, .box_w = 13, .box_h = 27, .ofs_x = 1, .ofs_y = -2},
    {.bitmap_index = 21902, .adv_w = 226, .box_w = 13, .box_h = 25, .ofs_x = 1, .ofs_y = 0},
    {.bitmap_index = 22227, .adv_w = 208, .box_w = 13, .box_h = 25, .ofs_x = 0, .ofs_y = 0},
    {.bitmap_index = 22552, .adv_w = 204, .box_w = 13, .box_h = 25, .ofs_x = 0, .ofs_y = 0},
    {.bitmap_index = 22877, .adv_w = 225, .box_w = 12, .box_h = 25, .ofs_x = 1, .ofs_y = 0},
    {.bitmap_index = 23177, .adv_w = 214, .box_w = 13, .box_h = 25, .ofs_x = 0, .ofs_y = 0},
    {.bitmap_index = 23502, .adv_w = 312, .box_w = 19, .box_h = 25, .ofs_x = 0, .ofs_y = 0},
    {.bitmap_index = 23977, .adv_w = 227, .box_w = 14, .box_h = 25, .ofs_x = 0, .ofs_y = 0},
    {.bitmap_index = 24327, .adv_w = 221, .box_w = 14, .box_h = 25, .ofs_x = 0, .ofs_y = 0},
    {.bitmap_index = 24677, .adv_w = 203, .box_w = 12, .box_h = 25, .ofs_x = 0, .ofs_y = 0},
    {.bitmap_index = 24977, .adv_w = 155, .box_w = 9, .box_h = 29, .ofs_x = 0, .ofs_y = -2},
    {.bitmap_index = 25238, .adv_w = 280, .box_w = 4, .box_h = 36, .ofs_x = 7, .ofs_y = -7},
    {.bitmap_index = 25382, .adv_w = 155, .box_w = 9, .box_h = 29, .ofs_x = 0, .ofs_y = -2},
    {.bitmap_index = 25643, .adv_w = 224, .box_w = 14, .box_h = 7, .ofs_x = 0, .ofs_y = 9}
};

/*---------------------
 *  CHARACTER MAPPING
 *--------------------*/



/*Collect the unicode lists and glyph_id offsets*/
static const lv_font_fmt_txt_cmap_t cmaps[] =
{
    {
        .range_start = 32, .range_length = 95, .glyph_id_start = 1,
        .unicode_list = NULL, .glyph_id_ofs_list = NULL, .list_length = 0, .type = LV_FONT_FMT_TXT_CMAP_FORMAT0_TINY
    }
};

/*-----------------
 *    KERNING
 *----------------*/


/*Map glyph_ids to kern left classes*/
static const uint8_t kern_left_class_mapping[] =
{
    0, 0, 0, 0, 0, 0, 0, 1,
    0, 2, 0, 0, 0, 0, 3, 0,
    4, 0, 0, 0, 0, 0, 0, 0,
    0, 0, 0, 0, 0, 0, 0, 0,
    0, 5, 6, 7, 8, 9, 10, 11,
    12, 0, 0, 13, 14, 15, 0, 0,
    9, 16, 9, 17, 18, 19, 20, 21,
    22, 23, 24, 25, 2, 0, 0, 0,
    0, 0, 6, 7, 8, 9, 10, 11,
    12, 0, 0, 0, 14, 15, 0, 0,
    9, 16, 9, 17, 18, 19, 20, 21,
    22, 23, 24, 25, 2, 0, 0, 0
};

/*Map glyph_ids to kern right classes*/
static const uint8_t kern_right_class_mapping[] =
{
    0, 0, 0, 1, 0, 0, 0, 2,
    1, 0, 3, 4, 0, 5, 6, 5,
    7, 0, 0, 0, 0, 0, 0, 0,
    0, 0, 0, 8, 8, 0, 0, 0,
    9, 10, 11, 0, 12, 0, 0, 0,
    12, 0, 0, 13, 0, 0, 0, 0,
    12, 0, 12, 0, 14, 15, 16, 17,
    18, 19, 20, 21, 0, 0, 3, 0,
    0, 0, 11, 0, 12, 0, 0, 0,
    12, 0, 0, 0, 0, 0, 0, 0,
    12, 0, 12, 0, 14, 15, 16, 17,
    18, 19, 20, 21, 0, 0, 3, 0
};

/*Kern values between classes*/
static const int8_t kern_class_values[] =
{
    0, 0, 0, 0, 0, 0, 0, 0,
    0, 0, 0, 0, 0, 0, -6, 0,
    0, 0, 0, -7, 0, 0, 0, 0,
    0, 0, 0, 0, 0, 0, 0, 6,
    0, 6, 0, 8, 0, 6, 6, 3,
    6, 0, 0, 0, 0, 0, 0, 0,
    0, 0, 0, 0, -11, 0, -35, 0,
    -41, 0, -11, -4, -20, -28, -8, 0,
    0, 0, 0, 0, 0, -78, 0, 0,
    0, -14, 0, -25, 0, 6, 0, 6,
    6, 0, 3, 0, 0, 0, 0, 0,
    0, 0, 0, 0, 0, 0, -8, 0,
    -6, 0, 0, 0, 0, 0, -11, -8,
    0, -30, 0, 6, -25, 6, -11, 6,
    6, -17, -3, 3, -1, 0, -2, -26,
    -1, -16, -8, 1, -26, 2, -3, 0,
    0, 0, 0, 0, 0, 0, 0, 0,
    0, 0, 0, 0, 0, 0, -2, -1,
    -4, -9, 0, 0, 0, 0, 3, 0,
    0, 0, 0, 3, 3, 0, 1, 0,
    1, 0, 0, 0, 0, -4, -5, 0,
    -3, 0, 0, 0, -3, 0, 0, 0,
    0, 0, -1, 0, -2, 0, -2, 0,
    -1, 0, -9, -10, 0, 0, 0, 6,
    0, 3, 0, 0, 0, 0, 0, 0,
    0, 0, 1, 0, 0, 0, 0, 1,
    0, 1, 6, 0, 8, 6, -41, -3,
    -17, 0, 3, -3, -18, 0, -29, 0,
    6, 0, 3, 3, 0, 0, 0, 0,
    0, 0, 0, 0, 0, 0, 0, 0,
    0, 0, 0, 0, 0, 0, 0, 0,
    0, -7, -8, 0, 0, 0, 0, 0,
    -1, 0, -6, 0, 0, 0, -1, 0,
    0, 0, 0, 0, 0, 0, 0, 0,
    0, 0, -3, 3, -11, 3, -20, 0,
    3, -6, -4, 0, -9, 0, -4, 0,
    -1, 0, 0, 0, 0, 0, -41, 6,
    8, -56, 6, -41, 6, 6, -25, 0,
    2, -2, 6, 0, -44, 0, -26, -10,
    0, -49, 0, 0, 0, 0, 6, -52,
    0, -36, 0, 6, 0, -20, 0, -32,
    2, 1, 0, 0, 0, -7, -3, -1,
    -3, 0, 0, 0, 3, 0, 6, 3,
    0, 0, 0, 0, 0, 0, -1, 0,
    -2, -1, 0, -9, 0, 0, 0, 0,
    0, 0, -2, 0, 0, 0, 0, -2,
    0, 0, 0, 0, 0, 0, 0, -3,
    -3, 0, 6, 0, 8, 6, -41, -41,
    -25, -20, 3, -14, -26, -2, -29, 0,
    6, 0, 2, 2, 0, 2, 0, 0,
    0, 0, 0, -1, 0, -6, 0, 0,
    0, -1, 0, 0, 0, 0, 0, 0,
    0, -1, 0, 0, 6, -3, 6, 0,
    -30, -11, -14, -8, 0, -6, -16, -1,
    -27, 0, 2, 0, 3, 3, 0, 0,
    0, 6, 0, 6, 0, -14, -4, 0,
    -3, 0, -3, -8, 0, -12, 0, 2,
    0, 3, 3, 0, 0, 0, 0, -3,
    3, -11, 3, -20, 6, 3, -6, -4,
    1, -9, 0, -3, 0, -1, 0, 0,
    0, 0, 0, 6, -11, 6, -6, -52,
    -28, -31, -22, -6, -22, -26, -10, -32,
    -9, 2, 0, 0, 0, 0, 0, 0,
    0, 0, 0, 0, 6, -8, 0, 6,
    0, 0, 0, 0, 0, 0, 0, 0,
    0, 0, 0, 0, 3
};


/*Collect the kern class' data in one place*/
static const lv_font_fmt_txt_kern_classes_t kern_classes =
{
    .class_pair_values   = kern_class_values,
    .left_class_mapping  = kern_left_class_mapping,
    .right_class_mapping = kern_right_class_mapping,
    .left_class_cnt      = 25,
    .right_class_cnt     = 21,
};

/*--------------------
 *  ALL CUSTOM DATA
 *--------------------*/

#if LVGL_VERSION_MAJOR == 8
/*Store all the custom data of the font*/
static  lv_font_fmt_txt_glyph_cache_t cache;
#endif

#if LVGL_VERSION_MAJOR >= 8
static const lv_font_fmt_txt_dsc_t font_dsc = {
#else
static lv_font_fmt_txt_dsc_t font_dsc = {
#endif
    .glyph_bitmap = glyph_bitmap,
    .glyph_dsc = glyph_dsc,
    .cmaps = cmaps,
    .kern_dsc = &kern_classes,
    .kern_scale = 16,
    .cmap_num = 1,
    .bpp = 8,
    .kern_classes = 1,
    .bitmap_format = 0,
#if LVGL_VERSION_MAJOR == 8
    .cache = &cache
#endif
};



/*-----------------
 *  PUBLIC FONT
 *----------------*/

/*Initialize a public general font descriptor*/
#if LVGL_VERSION_MAJOR >= 8
const lv_font_t ui_font_FuenteTexto = {
#else
lv_font_t ui_font_FuenteTexto = {
#endif
    .get_glyph_dsc = lv_font_get_glyph_dsc_fmt_txt,    /*Function pointer to get glyph's data*/
    .get_glyph_bitmap = lv_font_get_bitmap_fmt_txt,    /*Function pointer to get glyph's bitmap*/
    .line_height = 38,          /*The maximum line height required by the font*/
    .base_line = 7,             /*Baseline measured from the bottom of the line*/
#if !(LVGL_VERSION_MAJOR == 6 && LVGL_VERSION_MINOR == 0)
    .subpx = LV_FONT_SUBPX_NONE,
#endif
#if LV_VERSION_CHECK(7, 4, 0) || LVGL_VERSION_MAJOR >= 8
    .underline_position = -1,
    .underline_thickness = 3,
#endif
    .dsc = &font_dsc,          /*The custom font data. Will be accessed by `get_glyph_bitmap/dsc` */
#if LV_VERSION_CHECK(8, 2, 0) || LVGL_VERSION_MAJOR >= 9
    .fallback = NULL,
#endif
    .user_data = NULL,
};



#endif /*#if UI_FONT_FUENTETEXTO*/

